,PLAYER,RANK,WIN RATE,WINS,LOSSES,XPM,GPM,APM,K,D,A,GAME LENGTH,CREEPS,WARDS
0,B1zzyP,13,67.1018276762402,257,126,678.9,525.04,118.4,9.45,4.82,9.77,00:33:08,88.6,1.8
1,Dutchownage,13,60.35353535353536,239,157,652.74,507.24,140.1,8.4,5.79,8.42,00:31:20,99.9,0.7
2,Fireflasher,13,75.3731343283582,101,33,739.53,589.71,138.56,12.13,4.37,9.29,00:31:36,123.3,0.7
3,asaf8,13,67.4342105263158,205,99,626.32,454.94,109.19,7.77,5.13,11.38,00:31:57,83.0,1.9
4,_Tro11_,13,61.41732283464568,234,147,619.83,450.55,110.05,8.28,5.25,10.51,00:32:09,87.8,1.9
5,RaZerPK,13,60.693641618497104,210,136,619.09,481.64,139.29,7.55,4.33,9.78,00:31:37,90.0,1.0
6,Mewtu`,13,56.49546827794561,187,144,626.66,462.61,116.74,9.52,5.4,8.72,00:31:23,127.2,0.5
7,Tommy`deVito,13,56.265356265356274,229,178,678.74,553.17,153.97,9.2,4.04,8.57,00:31:21,119.4,0.8
8,Jullebaaii,13,62.626262626262616,186,111,685.75,557.72,137.79,10.51,5.35,9.82,00:31:41,174.9,0.9
9,`ChaWee_TH,13,57.21153846153846,238,178,652.93,505.1,111.39,9.12,6.04,9.49,00:28:54,136.0,0.3
10,`Teal,13,74.73684210526315,142,48,517.28,380.71,142.73,6.25,4.68,12.43,00:28:22,102.7,2.8
11,ShoyoRoyal,13,51.994680851063826,391,361,574.5,383.6,89.22,7.64,7.8,12.14,00:30:53,74.8,0.8
12,QuackBlue,13,58.04480651731161,285,206,639.01,454.06,131.53,9.61,6.09,9.83,00:31:31,116.5,0.3
13,Lendoria,13,68.59504132231405,83,38,601.08,404.61,143.63,7.41,4.75,12.05,00:32:32,108.8,0.2
14,Rosa`Melano,13,66.80327868852459,163,81,648.51,493.38,165.12,8.42,4.82,8.88,00:32:41,94.2,0.6
15,xblicx100,13,62.98342541436465,228,134,640.32,469.82,134.56,8.15,5.48,9.64,00:33:57,101.3,0.9
16,`Chewy,13,71.54471544715446,88,35,577.4,426.19,142.39,7.42,4.6,11.4,00:31:05,75.7,3.2
17,`M1ndGames,13,62.6865671641791,126,75,703.19,536.46,132.16,10.19,4.94,9.92,00:30:14,161.3,0.1
18,PewterRexxar,13,66.55290102389078,195,98,692.85,544.36,146.11,8.56,4.33,9.23,00:32:30,137.4,0.9
19,Mosher,13,56.67870036101082,157,120,524.97,397.9,120.61,5.11,3.97,12.22,00:31:44,68.5,3.3
20,TeasingEli,13,54.913294797687854,285,234,641.98,478.86,116.68,9.43,6.42,11.24,00:32:32,126.1,0.7
21,Amenjagemid`,13,70.33898305084746,166,70,683.59,507.18,160.89,11.78,5.53,11.0,00:29:50,118.3,0.4
22,Tolgfors,13,60.33254156769596,254,167,613.4,454.92,99.62,7.87,5.78,9.82,00:30:37,149.9,0.6
23,Riandro,13,52.526595744680854,395,357,587.44,425.66,129.89,6.86,6.15,9.58,00:32:10,89.6,0.7
24,Mr`FF,13,57.9454253611557,361,262,726.71,614.28,139.93,8.77,3.56,6.75,00:34:00,40.6,1.8
25,DopeKlD,13,59.922178988326856,154,103,623.33,454.93,100.0,8.53,4.77,10.67,00:32:52,107.5,1.1
26,Imbaboy,13,75.0,141,47,731.26,644.7,144.43,10.66,3.64,8.16,00:32:11,131.7,0.5
27,DiiMaHa,13,65.97938144329896,128,66,610.57,465.82,150.6,7.22,3.84,9.08,00:31:49,112.6,0.7
28,AngryTestie,13,73.71134020618555,143,51,647.42,522.88,152.46,7.34,3.28,8.62,00:33:15,166.3,0.5
29,BabyMuffin,13,73.84615384615384,144,51,315.82,277.05,110.32,1.71,4.87,9.82,00:31:05,17.1,10.2
30,Ass_Hunt3r,13,62.90909090909091,173,102,511.8,364.31,157.26,4.57,4.22,10.83,00:32:32,62.2,2.6
31,Woff`it,13,69.01408450704226,98,44,712.71,587.55,131.65,9.2,3.56,8.46,00:32:08,154.8,0.2
32,WhaT_YoU_GoT,13,91.06145251396649,163,16,608.96,497.67,147.64,6.02,2.53,11.66,00:29:07,56.8,1.3
33,Z4NE,13,58.89967637540453,182,127,556.14,386.24,133.04,6.7,4.62,11.8,00:32:12,87.5,1.7
34,TJ``,13,66.66666666666667,96,48,582.93,434.07,148.36,6.84,4.74,10.99,00:32:27,112.2,2.3
35,rus_pleb,13,71.32352941176471,97,39,652.47,525.82,167.98,8.46,4.74,8.76,00:30:30,101.9,1.1
36,henkz`,13,63.492063492063494,80,46,470.18,341.66,121.52,4.06,5.44,13.06,00:32:05,86.5,3.3
37,AdultMuffin,13,72.05882352941177,98,38,674.74,535.91,208.05,8.73,3.42,9.56,00:31:42,120.9,1.1
38,GrimmJaquez`,13,73.6842105263158,112,40,686.54,536.59,152.45,10.89,5.09,10.12,00:30:16,113.3,0.9
39,`Command,13,73.39449541284405,80,29,574.31,467.52,145.32,6.09,3.49,10.54,00:30:50,56.1,2.6
40,CursedPIayer,12,73.6842105263158,98,35,706.79,555.08,155.64,9.31,3.69,7.68,00:31:27,76.6,1.5
41,Allen``,12,63.157894736842096,264,154,638.99,520.78,124.18,8.06,4.68,8.37,00:32:19,110.2,2.7
42,`IRAQ`4EVER`,12,54.115586690017516,309,262,626.36,456.88,124.99,8.67,6.33,9.58,00:32:28,101.5,0.5
43,Sceptile`,12,58.88594164456234,222,155,432.91,319.43,148.49,4.42,5.52,11.92,00:32:05,66.9,4.8
44,wogwon`,12,57.427937915742795,259,192,603.26,450.34,148.06,7.81,6.08,11.31,00:32:08,100.8,1.7
45,nichter90,12,61.41732283464568,78,49,540.57,389.83,105.72,6.12,5.31,14.04,00:31:10,69.6,4.5
46,ImbaBananBoy,12,54.077791718946045,431,366,637.46,482.21,152.2,8.59,6.08,9.02,00:32:36,139.7,0.4
47,`AnalHunteR`,12,63.793103448275865,111,63,686.65,528.39,162.84,9.94,4.76,9.86,00:31:36,152.8,0.4
48,Frozen`Flame,12,55.40983606557378,169,136,539.21,377.54,146.65,5.85,6.52,11.99,00:31:23,47.4,5.8
49,Polymorpha`,12,69.62962962962963,94,41,734.89,545.76,147.16,12.61,5.71,10.07,00:32:50,78.9,2.9
50,EZFULLCLAN,12,56.1965811965812,263,205,616.71,462.03,223.28,8.02,4.57,8.74,00:31:23,112.1,1.0
51,PewPewKid,12,79.72972972972974,59,15,626.95,474.12,148.55,6.81,4.15,12.86,00:27:32,62.9,1.8
52,baltazar`,12,64.28571428571429,90,50,659.61,485.39,128.22,9.46,6.38,9.94,00:31:27,155.8,0.2
53,BlackMamba`,12,78.15126050420169,93,26,615.41,454.89,172.08,7.52,4.06,10.19,00:32:22,97.2,2.7
54,Konnatus,12,51.587301587301596,260,244,572.8,412.86,84.33,7.31,6.04,9.34,00:33:37,76.9,1.6
55,S474N5_50N,12,60.40609137055839,119,78,614.5,434.68,104.38,8.44,6.76,11.36,00:29:42,124.3,1.3
56,DeWeRiM`,12,53.52697095435685,129,112,605.21,414.66,213.35,9.37,5.68,9.35,00:32:13,85.7,1.0
57,InfeRii0r,12,85.57692307692308,89,15,626.87,483.52,185.28,7.69,3.35,10.49,00:27:30,111.4,0.7
58,KeySee,12,53.714285714285715,282,243,619.3,432.77,107.94,8.58,6.56,10.48,00:32:58,117.0,0.7
59,QuinTero`,12,71.94244604316546,100,39,675.91,511.34,132.93,11.69,5.14,8.53,00:26:15,100.5,4.0
60,ProMarine,12,61.935483870967744,96,59,668.2,479.02,253.46,9.7,3.99,9.98,00:30:22,50.2,0.9
61,BilboSwagin`,12,69.23076923076923,81,36,625.17,486.32,176.05,9.09,4.56,10.09,00:33:10,136.1,0.2
62,JustV,12,66.66666666666667,100,50,636.6,492.98,141.08,8.05,5.09,9.97,00:30:53,94.3,2.2
63,GOGOBIGDICK,12,67.72727272727273,149,71,595.88,450.29,167.27,7.27,3.92,9.01,00:32:11,95.2,0.5
64,Bjodnifan,12,64.8936170212766,61,33,553.08,374.88,128.05,6.23,5.18,13.85,00:31:55,62.8,2.7
65,P0KEMOH,12,58.547008547008545,137,97,578.25,428.11,155.99,7.14,4.54,11.36,00:34:49,92.4,1.1
66,Gen_B`an`an,12,59.70149253731344,160,108,575.33,413.91,104.88,6.58,4.66,10.71,00:33:42,115.1,0.1
67,BaQi,12,65.26946107784431,109,58,420.17,305.66,103.65,3.11,6.04,12.63,00:32:09,74.8,4.1
68,TopskiyPavel,12,56.95238095238096,299,226,632.47,474.22,130.6,9.72,5.57,10.57,00:33:11,130.0,1.3
69,`VanG,12,64.83516483516482,118,64,511.26,401.43,127.96,5.09,4.1,12.64,00:33:17,79.8,4.7
70,cHHHI,12,86.84210526315788,33,5,713.97,559.96,209.08,9.84,3.74,12.26,00:32:21,129.8,0.5
71,Pr0Marine,12,56.45933014354067,118,91,658.99,493.62,254.12,8.71,3.77,9.22,00:30:18,52.5,0.7
72,Solo`Vulka,12,76.92307692307692,40,12,622.6,448.71,81.67,8.69,4.79,12.38,00:30:18,101.5,1.0
73,BananaJones`,12,58.778625954198475,77,54,576.48,399.62,112.24,7.18,5.45,11.39,00:33:06,127.1,0.4
74,Snark,12,51.72413793103448,270,252,615.75,455.17,137.15,7.41,5.52,9.53,00:33:52,80.6,1.7
75,i`LLuminati,12,62.4,78,47,637.9,501.34,113.11,8.62,3.86,10.17,00:33:01,141.7,0.4
76,Bluemagic`,12,64.28571428571429,108,60,542.19,385.32,121.3,5.67,5.49,10.29,00:34:10,109.2,0.2
77,I`mSoFarmed,12,66.24203821656053,104,53,610.45,438.06,132.38,8.41,6.22,10.76,00:33:30,106.5,0.7
78,Thanat,12,67.79661016949153,80,38,641.87,483.98,166.33,10.92,5.53,9.97,00:32:56,124.3,1.5
79,`MuseArt,12,67.93893129770993,89,42,530.5,378.66,164.19,5.11,5.54,12.28,00:33:05,79.3,1.9
80,PorkeyChan,12,68.0,85,40,667.89,533.08,135.51,11.8,5.02,10.1,00:29:56,146.5,0.3
81,Robert_Peary,12,67.87878787878788,112,53,672.63,516.09,137.23,8.35,4.24,10.37,00:31:29,173.8,0.8
82,Zer`0,12,52.74193548387096,327,293,567.56,401.47,147.2,8.38,5.72,11.51,00:31:59,116.8,0.6
83,Rozaru,12,74.30167597765363,133,46,555.3,439.91,129.32,6.91,3.11,10.25,00:31:18,103.2,1.8
84,AssassinSick,12,60.747663551401864,65,42,662.6,480.0,201.13,8.98,5.86,8.82,00:30:48,158.0,0.8
85,Cptain`Ahue,12,80.59701492537313,54,13,611.94,486.59,167.43,7.51,3.45,10.97,00:32:27,122.7,1.0
86,XvL`,12,52.95629820051415,206,183,648.52,487.99,197.49,9.41,6.31,8.37,00:31:25,168.9,0.8
87,Foundthedog,12,62.711864406779654,111,66,541.55,385.06,132.01,5.68,5.69,10.89,00:30:50,95.0,2.5
88,SkogsbajsarN,12,68.0327868852459,83,39,552.13,400.63,98.53,5.1,4.64,10.68,00:31:48,118.5,0.5
89,GOD_Slayerz,12,61.410788381742755,148,93,577.06,398.59,144.58,7.69,5.17,11.33,00:32:13,88.5,0.6
90,dongerboy69,12,54.852320675105496,130,107,598.74,429.32,168.53,8.91,6.75,10.1,00:34:13,110.4,0.8
91,IngeMerHoN,12,66.66666666666667,60,30,686.72,514.57,167.31,8.59,4.49,9.28,00:30:25,99.4,1.1
92,__FFS__,12,58.60215053763441,109,77,631.87,450.76,110.08,9.52,7.31,9.98,00:35:13,134.0,1.8
93,FAKEKRUSHNAK,12,67.46987951807229,56,27,649.69,484.43,175.14,9.12,6.63,11.39,00:31:07,144.7,0.6
94,AngrySleepy,12,79.6875,51,13,304.76,275.44,149.59,2.31,3.78,10.0,00:32:00,41.3,5.5
95,theworstNA,12,64.40677966101696,152,84,595.97,434.75,150.74,6.93,5.25,10.99,00:37:24,117.9,1.7
96,Serkkupoika,12,66.66666666666667,32,16,623.15,503.52,140.68,10.17,4.73,9.81,00:32:20,116.7,1.3
97,mustafinox,12,57.14285714285714,124,93,615.38,433.78,107.59,8.08,5.54,10.74,00:31:19,76.3,1.1
98,Remi,12,84.21052631578948,16,3,681.31,538.83,157.1,8.42,3.79,8.53,00:29:47,104.0,0.7
99,JuanDon,12,61.26760563380282,87,55,595.75,438.32,155.05,7.79,5.61,11.59,00:31:37,90.5,2.1
100,NuskFreeD,12,55.68627450980392,142,113,536.34,371.78,138.32,7.02,5.54,10.89,00:34:23,105.7,1.0
101,Skogsbajs,12,56.22317596566523,131,102,636.17,482.91,96.22,7.93,4.63,8.52,00:33:47,119.8,1.3
102,MENARAK`kak,12,65.59633027522936,143,75,599.55,441.59,194.81,7.06,4.65,10.63,00:32:38,145.0,0.6
103,claudianus,12,57.14285714285714,112,84,567.58,404.75,106.32,7.41,5.4,10.38,00:33:07,57.4,4.2
104,PinoyPoPPer,12,82.20338983050847,97,21,653.59,509.7,161.56,8.78,3.38,10.43,00:25:34,139.9,0.2
105,Dietz777,12,64.28571428571429,63,35,643.44,490.98,123.75,9.03,4.51,9.12,00:31:12,95.7,2.2
106,`Drentz,12,68.42105263157895,52,24,639.54,502.05,115.65,7.71,4.0,10.25,00:32:54,107.1,2.3
107,heomapucich,12,53.6,134,116,691.54,511.51,126.27,8.26,4.2,7.4,00:32:38,119.3,0.4
108,Abandon_Lane,12,64.70588235294117,55,30,578.61,396.82,138.89,7.33,4.66,12.98,00:32:30,98.5,1.2
109,JeRRie,12,54.70085470085471,128,106,505.23,378.51,111.41,5.55,6.06,11.79,00:32:29,86.2,3.8
110,jelle_cool,12,54.54545454545455,186,155,596.41,421.73,141.98,8.14,7.19,10.85,00:34:32,102.1,0.9
111,Fally,12,64.14473684210526,195,109,638.49,464.06,198.95,9.89,5.85,9.96,00:34:12,59.7,1.8
112,ramaty,12,56.1576354679803,114,89,421.9,305.38,108.57,4.03,5.54,13.88,00:31:54,38.1,5.6
113,Wutwoot,12,56.22489959839358,140,109,640.14,483.83,100.4,8.09,4.78,9.37,00:31:05,101.7,1.0
114,The0Great1,12,54.73684210526316,156,129,550.52,395.15,123.11,5.89,5.85,9.91,00:33:06,83.1,1.8
115,DueL,12,75.0,33,11,569.47,449.8,112.29,6.93,5.16,13.25,00:31:25,124.3,1.1
116,hurryupplz,12,63.909774436090224,85,48,309.85,274.84,133.52,2.31,5.22,12.14,00:32:46,30.0,7.7
117,NCMVK,12,54.8936170212766,129,106,601.34,459.38,100.5,7.2,4.76,8.71,00:34:33,120.4,1.6
118,Gudwork,12,66.3157894736842,63,32,544.31,399.55,131.35,6.38,4.91,10.87,00:31:08,97.1,1.6
119,TWiNNiNG,12,77.5,31,9,587.57,443.9,167.24,7.85,4.65,10.28,00:32:19,121.6,1.5
120,lzi`,12,58.278145695364245,88,63,522.19,398.22,118.37,7.05,6.06,11.88,00:32:48,82.2,2.7
121,NymphoraKing,12,51.344743276283616,210,199,461.73,297.72,138.39,4.79,6.12,9.52,00:31:16,52.9,1.6
122,ItsJustMe`,12,53.16091954022989,185,163,596.14,435.78,226.6,7.89,7.18,9.85,00:31:51,119.5,1.2
123,WARNINGtoxic,12,68.55345911949685,109,50,672.02,492.95,157.5,10.77,5.57,10.41,00:31:19,53.5,5.7
124,Bwaos,12,55.8139534883721,96,76,546.68,387.19,146.11,6.47,6.16,11.24,00:31:49,101.2,2.5
125,DoomGr0wL,12,64.3979057591623,123,68,672.43,515.72,140.22,9.37,6.32,10.63,00:30:21,141.6,1.2
126,BabyGroot`,12,63.917525773195884,62,35,615.91,467.78,137.36,7.68,4.39,9.66,00:31:59,104.3,0.9
127,SexyChubby,12,78.57142857142857,22,6,677.1,592.44,148.28,10.43,4.43,9.32,00:32:12,100.4,0.9
128,`McGregor,12,65.45454545454545,36,19,552.08,390.63,143.76,7.56,5.82,11.69,00:32:42,134.6,0.3
129,GodTrump,12,71.83098591549296,51,20,644.76,555.91,138.16,9.72,3.73,8.73,00:32:24,138.7,0.5
130,Dragozer,12,53.74677002583979,208,179,654.33,505.82,102.53,9.33,4.69,8.56,00:33:58,110.2,1.3
131,markusmoi,12,55.947136563876654,127,100,665.18,501.34,166.94,8.51,4.82,9.04,00:30:40,164.8,0.1
132,itimees,12,49.809160305343504,261,263,522.29,356.61,106.14,6.76,6.36,10.42,00:34:01,86.6,1.3
133,Qiiii,12,70.4225352112676,50,21,621.42,491.02,156.87,6.79,3.72,7.82,00:34:28,132.1,0.4
134,Lisquid,12,65.71428571428571,276,144,529.86,387.65,181.84,5.64,4.89,10.04,00:31:43,68.7,3.9
135,Taylex,12,53.7117903930131,123,106,503.41,331.86,160.07,6.94,6.86,12.15,00:33:25,72.2,1.4
136,TunsiAny,12,51.75438596491228,177,165,613.57,453.45,152.83,8.01,4.42,8.34,00:30:48,100.0,0.5
137,YipMan,12,53.807106598984774,106,91,612.02,436.47,122.78,8.17,5.19,9.2,00:27:58,114.0,0.7
138,Ennejung,12,53.48837209302327,115,100,483.07,367.5,111.85,6.1,4.46,10.66,00:32:02,71.3,2.9
139,UGGELMUGEL,12,55.111111111111114,124,101,621.83,403.42,116.64,8.56,7.42,12.09,00:32:32,90.5,0.4
140,krolbin,12,62.6865671641791,84,50,361.35,269.46,105.74,3.1,5.99,13.06,00:32:58,40.4,2.5
141,Crayoncat,12,62.337662337662344,48,29,597.15,394.47,100.48,7.38,6.06,11.84,00:35:29,79.1,1.9
142,Osprey54,12,65.42056074766356,140,74,645.56,451.86,113.06,10.59,6.19,10.28,00:34:07,104.7,1.6
143,BarelyLucky,12,62.781954887218035,167,99,659.78,528.65,117.61,8.12,3.55,8.96,00:31:18,98.5,1.1
144,weGotHagged,12,88.0,22,3,692.42,564.48,166.76,8.4,3.84,9.08,00:29:33,102.4,0.4
145,Xgodxd,12,65.625,21,11,576.96,379.82,132.83,8.44,6.53,12.31,00:30:17,84.9,0.9
146,VasyanGaming,12,64.95726495726495,76,41,592.15,445.8,186.1,9.7,5.31,11.24,00:32:44,114.4,0.9
147,BeWolfage,12,64.76190476190476,68,37,602.14,444.75,173.63,6.53,4.1,13.03,00:33:57,72.8,2.2
148,GriefSquad,12,77.4390243902439,127,37,569.26,431.61,137.33,7.69,4.99,10.71,00:28:45,71.2,4.2
149,ZodiacxD,12,73.39449541284405,80,29,658.08,490.84,163.3,9.19,4.48,10.31,00:31:41,107.4,0.9
150,Chinjuice,12,68.42105263157895,65,30,562.41,399.53,176.44,6.2,4.62,11.06,00:33:17,99.6,2.3
151,CocklnFace,12,54.16666666666666,156,132,636.67,463.34,90.89,8.88,5.18,10.08,00:31:43,114.8,0.8
152,GoldBoy`,12,54.54545454545455,60,50,607.02,425.77,110.55,9.78,7.93,10.35,00:31:58,123.0,0.6
153,polentino,12,55.28846153846154,115,93,601.59,455.79,140.57,7.76,6.13,10.13,00:34:57,99.3,1.1
154,Quack_Man,12,56.05381165919282,125,98,619.91,439.85,136.47,8.95,7.29,10.81,00:32:24,79.8,1.5
155,MuttMorran,12,56.87203791469194,120,91,534.22,380.32,93.84,6.96,7.38,11.95,00:33:51,86.9,1.7
156,Gillesberg,12,54.18326693227092,136,115,520.21,351.8,161.86,5.16,5.82,13.27,00:31:15,105.9,2.3
157,DuMedBrun,12,55.35714285714285,155,125,522.09,361.74,110.38,5.4,5.66,13.05,00:32:13,63.9,2.5
158,FairyHot,12,53.91304347826087,62,53,663.53,528.12,105.69,9.3,4.71,7.5,00:34:01,99.9,1.0
159,RageLordz,12,63.366336633663366,64,37,586.76,445.42,115.77,5.91,5.84,12.31,00:31:53,113.7,0.8
160,Naowh,12,66.48648648648647,123,62,747.49,635.51,133.65,10.38,3.84,8.29,00:30:37,156.9,0.1
161,Arelmser,12,66.19718309859155,47,24,539.18,398.51,148.07,6.55,4.18,10.85,00:32:14,121.4,0.3
162,emp1,12,55.254237288135606,163,132,421.19,332.6,117.0,5.35,5.77,14.36,00:31:48,29.1,6.7
163,Cnekmu,12,71.66666666666667,43,17,721.35,591.21,215.41,11.13,5.03,7.68,00:31:02,147.5,0.4
164,YUGOBIC,12,68.96551724137932,40,18,480.87,350.68,149.0,5.16,4.83,14.71,00:30:48,45.4,6.2
165,ArchiTigeR,12,61.111111111111114,55,35,655.12,513.83,146.21,8.98,5.56,10.52,00:32:40,121.9,0.5
166,LifeofMaeng,12,64.19753086419753,52,29,553.52,392.15,116.11,6.3,5.79,11.44,00:31:46,70.5,4.8
167,Heatwolf,12,58.0952380952381,122,88,587.28,421.45,134.75,7.0,5.08,11.2,00:34:06,48.9,3.7
168,CorePoolWtf,12,53.92156862745098,110,94,594.62,416.2,127.41,7.9,6.02,11.06,00:32:26,69.1,3.0
169,Tenkaichi`,12,56.65024630541872,115,88,584.8,414.26,166.4,6.86,5.76,11.89,00:31:53,91.0,1.2
170,JustMolly,12,58.25242718446602,120,86,669.94,522.43,130.17,9.25,5.4,7.71,00:31:41,144.4,0.3
171,JayHov4,12,61.764705882352935,84,52,592.03,429.67,123.89,6.86,5.16,9.49,00:34:03,108.3,0.4
172,TARAZAN14,12,57.09779179810725,181,136,433.87,316.93,159.86,4.06,5.39,12.64,00:35:05,71.6,2.9
173,EasyThereSon,12,69.23076923076923,27,12,612.42,456.52,176.19,6.49,3.77,9.69,00:31:28,98.4,2.3
174,YosH,12,67.21311475409836,41,20,640.73,476.4,178.41,10.93,5.85,11.43,00:34:15,109.1,1.1
175,KAGE`BUNSHIN,12,59.53177257525083,178,121,620.65,465.65,121.75,7.45,4.48,9.32,00:30:59,122.1,1.2
176,DevoidenSoul,12,52.531645569620245,166,150,620.38,444.11,140.16,9.13,6.85,11.03,00:31:09,77.8,0.8
177,StuvadeGreta,12,56.0,308,242,583.23,438.36,107.88,8.02,5.26,9.96,00:31:36,100.9,1.7
178,LokaH,12,62.5,50,30,548.55,408.71,167.4,7.4,5.15,10.3,00:31:15,91.9,0.5
179,BlackHoly`,12,60.0,51,34,601.39,432.22,117.99,8.99,5.95,12.29,00:31:43,81.3,2.5
180,Raaaaaaf,12,56.91056910569106,70,53,620.71,459.31,150.16,6.67,4.26,10.36,00:32:26,131.5,1.7
181,TroLoLiver,12,60.82474226804123,118,76,594.17,406.08,210.42,8.38,6.8,12.22,00:35:13,75.1,2.2
182,Turbo2b,12,64.81481481481481,70,38,624.57,455.47,144.3,6.92,4.05,10.93,00:33:28,81.2,0.9
183,`LetsDance`,12,64.34108527131781,83,46,571.93,404.84,129.33,6.99,5.34,11.19,00:35:29,93.1,0.4
184,SatyrRUSSIAN,12,63.157894736842096,84,49,622.02,469.46,115.27,8.65,4.67,9.98,00:31:38,80.9,1.3
185,k0brusus,12,53.73831775700936,115,99,567.69,377.68,128.73,8.68,6.73,9.68,00:31:06,77.2,1.9
186,XMikasaX,12,57.14285714285714,56,42,633.72,509.25,103.07,8.42,4.81,8.21,00:33:36,127.1,0.7
187,`Trumpbear`,12,55.696202531645575,88,70,565.35,426.13,182.22,5.76,4.0,10.57,00:36:13,123.0,1.1
188,Chippurop,12,58.1081081081081,43,31,622.54,463.23,138.42,8.68,5.76,9.28,00:33:09,135.6,0.3
189,Anders_ME,12,60.37735849056603,32,21,453.64,346.88,123.9,5.47,6.17,12.06,00:32:39,49.2,6.2
190,Shrinky,12,54.14012738853504,170,144,584.74,426.05,131.27,7.24,4.92,11.59,00:32:41,89.1,1.4
191,GjTeam`Kappa,12,80.0,24,6,766.85,626.69,159.52,12.1,3.1,7.57,00:30:27,111.4,0.5
192,Vulka`,12,59.375,57,39,581.62,435.06,80.23,7.63,5.49,9.86,00:30:10,118.0,0.7
193,Sneasel`,12,63.265306122448976,62,36,584.99,447.64,148.16,6.19,4.2,8.8,00:30:50,89.1,1.7
194,WhiteWooolf,12,58.02469135802468,47,34,600.43,397.59,129.89,8.15,6.93,9.68,00:32:45,84.8,1.8
195,FabricateD,12,64.55696202531645,51,28,627.19,455.61,146.75,8.35,5.94,10.94,00:33:10,68.8,2.8
196,pottermannen,12,52.16284987277354,205,188,593.66,413.36,126.03,7.51,6.38,11.6,00:33:28,78.8,1.9
197,HurtMeSoul,12,69.56521739130434,160,70,659.64,479.79,205.22,9.65,5.13,10.54,00:31:31,93.5,0.7
198,HanziPro,12,53.17220543806646,352,310,575.24,410.33,125.51,9.01,6.84,11.06,00:31:53,98.0,1.3
199,`SneeZ`,12,57.85123966942149,70,51,576.15,449.33,104.99,6.6,4.16,9.85,00:32:34,112.4,0.8
200,SCOUTHARD,12,51.55807365439094,182,171,507.0,332.89,124.37,7.09,6.36,9.43,00:29:47,59.5,0.1
201,HPriest,12,71.1340206185567,138,56,438.78,284.64,161.82,3.12,4.45,14.6,00:31:16,24.9,10.7
202,Jinx3,12,69.6969696969697,92,40,624.6,430.39,157.74,8.36,5.3,11.89,00:32:54,99.8,1.9
203,Monixol,12,55.85585585585586,62,49,486.98,342.52,106.39,5.32,6.25,14.48,00:33:24,65.9,6.2
204,GRIEFis`GOOD,12,56.52173913043478,65,50,615.43,432.42,122.68,6.76,6.77,8.84,00:29:42,138.3,0.1
205,MasterGanja`,12,58.620689655172406,17,12,620.94,445.19,196.29,8.62,4.62,9.52,00:32:08,102.5,0.3
206,King`KHON,12,60.21505376344086,56,37,611.49,506.42,150.64,8.09,4.25,7.52,00:35:54,127.9,1.3
207,PlatyWyg,12,62.39316239316239,73,44,664.68,482.0,147.55,8.99,6.01,9.26,00:28:44,105.1,0.6
208,TobakaZ,12,61.61616161616161,61,38,470.06,411.35,145.78,5.98,5.13,15.48,00:33:52,47.9,5.9
209,kaneisgreat,12,54.66101694915254,129,107,615.92,441.14,149.8,9.34,5.81,11.36,00:33:59,122.8,0.6
210,EXZG`Rocky,12,78.46153846153847,102,28,666.86,483.13,107.86,11.12,5.36,12.97,00:31:41,86.2,1.0
211,panger,12,49.904761904761905,262,263,620.12,462.23,144.1,7.51,5.29,8.23,00:32:18,95.5,1.1
212,NastyBaboon,12,63.88888888888889,46,26,636.3,488.42,96.41,9.04,6.06,12.08,00:32:19,106.4,0.4
213,Heartttt,12,55.55555555555557,130,104,659.25,520.22,178.71,9.14,5.0,8.47,00:34:16,114.5,0.6
214,Tsohu,12,52.8169014084507,150,134,540.21,379.6,89.33,6.55,6.01,10.1,00:31:27,109.9,0.8
215,TrueProDevo,12,62.60869565217392,72,43,614.93,450.93,127.16,8.44,6.03,9.81,00:33:14,106.7,1.8
216,JihadiHabibi,12,63.88888888888889,46,26,343.19,263.14,143.43,2.17,4.6,11.0,00:30:34,17.1,10.2
217,`LifeStream`,12,52.22222222222222,188,172,591.5,411.55,128.68,7.92,5.98,11.36,00:25:14,65.0,2.5
218,FanOfHidin,12,73.33333333333333,154,56,674.14,536.54,148.86,8.5,3.41,8.59,00:32:15,173.2,0.2
219,TOINY,12,54.08163265306123,106,90,626.04,437.9,119.44,7.98,6.71,9.9,00:34:41,103.3,0.7
220,z0wL,12,56.30252100840336,67,52,552.3,393.33,166.69,6.06,5.83,12.13,00:32:16,49.5,4.6
221,KOREANAH,12,62.60869565217392,72,43,607.85,476.72,140.69,7.38,4.19,10.25,00:32:51,119.5,1.7
222,bard1n1_by,12,50.30060120240481,251,248,616.18,457.59,127.61,7.58,5.77,9.01,00:31:50,80.6,2.1
223,BabyArtour,12,57.534246575342465,126,93,655.97,502.45,121.6,7.78,4.59,8.57,00:29:54,144.9,0.4
224,BawsZain,12,73.2824427480916,96,35,619.48,478.92,153.57,9.02,4.23,11.38,00:30:44,78.6,0.4
225,SaintPat,12,85.71428571428571,6,1,439.08,368.97,130.06,3.43,2.57,12.71,00:33:24,83.3,1.4
226,angrynoodles,12,56.43564356435643,114,88,560.85,399.58,107.72,7.58,5.96,10.32,00:33:14,75.7,2.0
227,Strongy,12,54.977029096477786,359,294,538.9,377.3,147.77,7.03,5.6,11.2,00:34:34,74.6,1.7
228,RemiOnDrugs,12,100.0,16,0,665.92,523.96,173.0,11.56,4.06,13.5,00:30:12,96.0,0.9
229,Nanotooth,12,75.0,27,9,470.56,397.99,145.92,4.53,4.36,15.06,00:31:31,167.1,1.7
230,Pownt_kENDiZ,12,58.46153846153846,76,54,622.47,465.19,148.02,8.35,5.0,10.27,00:32:37,83.6,2.8
231,TyroneWade,12,52.941176470588225,9,8,531.55,345.47,164.43,4.35,6.41,11.18,00:30:42,97.2,2.1
232,NCTower,12,52.941176470588225,9,8,627.29,490.77,170.06,11.0,4.59,10.65,00:30:21,109.9,1.4
233,FeeIsBadMeng,12,79.48717948717949,93,24,656.03,495.15,184.22,10.44,4.01,8.46,00:34:05,113.6,0.4
234,fittspelxd,12,71.22302158273381,99,40,623.36,414.87,134.17,9.27,5.76,11.97,00:31:05,88.4,0.5
235,Vegeta,12,88.46153846153847,23,3,621.59,465.07,107.39,8.38,5.27,12.85,00:29:24,97.8,3.5
236,LosFreddos,12,73.52941176470588,25,9,492.52,336.89,120.49,3.97,3.76,11.38,00:27:54,12.0,8.2
237,`Q5`FanTaN,12,60.53639846743296,158,103,584.45,409.19,119.14,7.64,5.55,10.79,00:31:31,101.0,1.0
238,Klein`,12,57.93103448275862,84,61,627.44,459.04,135.02,7.9,4.87,10.92,00:30:53,89.4,1.1
239,MasteRkRoO,12,59.70149253731344,80,54,635.95,484.19,111.11,8.9,5.77,9.35,00:33:10,119.5,0.4
240,Alpacaaa,12,58.75,47,33,676.8,527.79,119.04,9.25,5.08,8.56,00:30:41,113.9,0.1
241,DarkUlrezaj,12,59.689922480620154,77,52,560.73,386.13,144.23,6.26,5.6,13.1,00:32:28,83.8,1.4
242,Contact_High,12,73.6842105263158,56,20,642.2,514.94,174.2,7.78,3.57,10.04,00:31:07,93.8,1.2
243,Dayrikow,12,75.75757575757575,100,32,683.52,519.13,165.06,9.14,4.23,9.14,00:36:40,97.2,1.9
244,`iRnoob,12,76.92307692307692,90,27,631.22,483.91,154.79,7.75,4.12,10.58,00:33:07,84.1,2.7
245,Ice`Wind,12,61.261261261261254,68,43,622.48,467.16,98.36,9.78,4.94,9.46,00:32:20,67.0,5.3
246,Since,12,59.28571428571429,83,57,572.57,384.33,140.65,7.83,7.42,13.32,00:30:58,77.6,2.5
247,BoarBeater,12,56.52173913043478,78,60,510.21,352.58,100.61,6.21,7.17,12.12,00:33:05,88.3,1.4
248,Zaniir,12,52.966101694915245,125,111,629.01,487.77,135.63,7.92,5.56,9.48,00:34:00,113.2,1.6
249,RuC_KYC,12,100.0,6,0,634.85,504.89,186.24,5.0,0.67,6.5,00:33:43,109.8,1.0
250,KallePulu,12,65.05376344086021,121,65,635.5,457.38,159.96,8.14,5.59,11.92,00:33:03,128.1,0.2
251,tharnian,12,59.493670886075954,47,32,590.91,409.35,134.59,9.35,6.24,13.78,00:33:15,104.2,1.2
252,Hamel_Bhaab,12,56.52173913043478,91,70,458.91,316.31,124.62,4.6,5.61,12.08,00:33:05,43.2,5.6
253,Thunderboii,12,67.24137931034483,39,19,636.8,476.73,141.86,8.59,5.09,9.66,00:30:30,126.6,0.3
254,`Dark_Knigh,12,54.15959252971138,319,270,672.52,500.16,99.48,8.94,5.49,7.44,00:30:44,145.2,0.3
255,MustBSerious,12,64.51612903225806,40,22,689.26,528.16,154.91,9.82,4.53,9.15,00:34:23,105.6,0.4
256,HI`there_,12,69.5364238410596,105,46,572.83,423.03,125.04,6.76,4.84,9.65,00:32:41,130.0,0.7
257,G`maitre,12,55.319148936170215,104,84,607.69,435.17,146.38,9.16,6.69,12.24,00:32:47,125.6,0.2
258,n1xn4t3l0n,12,80.0,8,2,588.89,496.22,162.64,7.3,4.3,11.1,00:30:29,118.5,0.5
259,NirbuX,12,54.16666666666666,52,44,658.98,492.85,131.72,8.78,5.89,8.89,00:32:41,112.1,1.9
260,Catmannered,12,75.0,21,7,453.33,341.12,110.99,4.11,4.89,16.0,00:32:41,60.7,5.0
261,KrnHonGod,12,53.494623655913976,199,173,573.68,410.35,107.69,8.46,7.3,8.92,00:34:18,137.7,0.6
262,m`JEEY,12,65.54621848739495,78,41,582.16,435.98,186.17,5.47,4.67,12.33,00:32:22,95.6,2.6
263,Dzili,12,52.41935483870968,195,177,429.36,309.42,105.89,3.74,5.54,12.12,00:31:34,45.4,2.6
264,Whaazlysnipz,12,60.176991150442475,68,45,571.42,412.65,130.74,7.88,7.23,10.88,00:31:33,102.8,0.7
265,chahins,12,53.77176015473889,278,239,658.62,487.8,80.98,9.61,5.62,7.95,00:32:35,121.6,0.2
266,PhoenixHawk,12,53.62903225806453,133,115,602.18,431.19,114.62,9.68,6.89,9.89,00:33:28,98.8,1.6
267,LP`WOOP,12,65.80310880829016,127,66,645.8,515.58,154.2,9.88,4.54,9.79,00:32:41,138.5,0.5
268,SugaryIces,12,59.322033898305094,175,120,621.54,441.19,145.98,8.65,5.76,10.5,00:33:05,103.8,1.4
269,He`Man`,12,51.762523191094616,279,260,570.18,388.78,124.72,7.56,6.89,12.48,00:34:43,86.4,1.7
270,DrLobitol,12,54.13793103448275,157,133,610.74,443.95,127.81,9.11,5.71,8.81,00:34:02,114.1,1.2
271,dUMb,12,70.0,42,18,498.32,367.13,120.46,7.57,6.17,11.83,00:33:50,71.3,1.8
272,encore_raw,12,53.672316384180796,95,82,480.13,365.11,149.54,5.93,4.2,13.11,00:34:30,87.0,0.4
273,`302,12,66.92913385826772,85,42,591.26,431.5,118.92,7.8,5.47,12.17,00:30:43,97.5,2.5
274,AlcoholMan,12,75.0,18,6,684.44,541.53,148.36,11.21,3.67,11.0,00:33:41,120.6,1.3
275,Atideva,12,54.615384615384606,71,59,613.02,456.42,76.47,6.56,5.72,12.95,00:34:39,100.1,4.5
276,mustafinox2,12,63.414634146341456,26,15,603.49,425.44,102.56,7.93,5.98,10.68,00:33:22,96.7,1.2
277,Weaj,12,72.72727272727273,16,6,506.02,356.17,157.47,5.68,6.82,11.55,00:33:42,90.0,1.5
278,Magik_,12,53.33333333333334,192,168,559.43,397.51,124.76,5.58,5.23,10.95,00:32:20,84.0,2.2
279,DiiMaTrash,12,68.75,44,20,681.9,512.66,138.38,9.5,4.41,10.25,00:28:33,132.6,1.0
280,bakpotatisen,12,56.73076923076921,59,45,510.11,355.9,108.44,5.48,5.49,12.04,00:32:00,78.9,2.0
281,_OrPhAnTeArS,12,59.0,59,41,574.35,400.64,128.49,7.44,6.42,11.44,00:34:01,106.7,1.4
282,YourDevil,12,58.4,73,52,558.2,387.67,107.56,7.46,6.74,12.53,00:33:51,119.5,1.4
283,MrMurkins,12,68.6046511627907,59,27,609.76,455.99,165.37,7.23,4.88,11.78,00:28:41,100.9,0.4
284,Maakemannen,12,56.862745098039206,29,22,525.24,372.68,127.51,5.98,4.98,10.96,00:34:30,70.2,2.3
285,Mallerna,12,54.11764705882353,46,39,630.23,474.42,180.1,8.13,4.31,10.08,00:31:58,92.0,1.0
286,`3lau``,12,80.48780487804878,33,8,543.25,444.68,148.8,6.95,3.24,10.98,00:34:36,91.8,1.5
287,Skyiiter,12,53.03030303030303,210,186,559.0,387.21,108.82,6.54,5.58,10.33,00:35:07,100.3,0.7
288,VengarL,12,55.91397849462365,52,41,602.78,448.08,117.56,7.66,5.94,10.71,00:32:35,110.0,0.1
289,Vendetta_,12,58.57142857142857,82,58,508.18,379.31,108.55,6.74,7.26,10.84,00:33:50,84.3,2.8
290,Ranieeeee,12,75.0,30,10,705.2,548.48,130.58,10.25,5.13,11.0,00:31:44,147.2,0.2
291,DeShSiKilleR,12,57.28155339805825,118,88,633.07,476.07,142.89,10.09,6.25,9.24,00:30:18,124.1,1.2
292,Who`sYourGod,12,66.01941747572816,68,35,520.97,355.78,98.27,5.44,6.54,13.6,00:34:51,73.3,4.4
293,SgtBigNuts,12,64.81481481481481,35,19,481.01,320.45,102.15,5.09,7.17,17.72,00:33:18,43.8,7.8
294,EzKendi,12,57.69230769230769,45,33,699.81,550.87,144.53,9.28,5.17,8.46,00:32:29,121.9,0.3
295,SlamDonger,12,83.33333333333333,5,1,797.99,604.88,140.36,13.67,2.83,8.33,00:33:23,100.4,0.8
296,SecretSecret,12,85.71428571428571,6,1,567.38,482.0,219.82,5.71,3.43,10.86,00:31:32,128.3,0.6
297,GetRektByMe,12,100.0,17,0,767.74,570.89,100.23,11.82,4.88,8.35,00:33:05,102.4,0.9
298,illbehaviour,12,56.52173913043478,78,60,579.65,427.2,134.34,7.11,4.62,9.8,00:31:27,117.2,1.7
299,Yabb,12,52.7027027027027,78,70,493.62,389.34,185.51,6.18,5.61,12.31,00:34:39,80.0,2.1
300,PeeVeePenis,12,55.660377358490564,59,47,578.05,440.4,125.78,8.42,6.41,9.26,00:31:21,92.5,1.2
301,Svanberg,12,54.34782608695652,25,21,667.31,493.44,158.76,9.89,5.91,8.3,00:26:22,98.3,0.8
302,Poilbite,12,60.674157303370784,54,35,454.34,319.44,134.85,4.66,6.06,13.02,00:34:31,90.5,3.4
303,clearlovee,12,53.035143769968045,166,147,661.5,476.27,206.12,8.36,5.31,8.17,00:32:29,90.9,0.8
304,fid1,12,55.97826086956522,103,81,548.03,381.71,117.54,6.61,5.58,9.54,00:35:35,85.2,1.3
305,JaguarJanne,12,63.46153846153846,33,19,654.23,523.57,149.7,8.75,4.83,9.81,00:31:44,115.6,1.0
306,Gromhello,12,59.649122807017534,68,46,647.34,519.14,157.18,7.35,4.03,9.57,00:32:21,56.1,1.6
307,MarlonMerlo,12,62.74509803921568,64,38,642.01,493.59,153.54,9.06,4.32,9.81,00:26:24,57.2,3.4
308,Ninjalike,12,62.303664921465966,119,72,539.26,401.14,150.88,7.18,5.57,11.58,00:32:01,83.6,1.6
309,Bo0o0om,12,72.0,36,14,697.11,518.42,255.13,9.84,3.26,9.68,00:31:15,50.5,1.3
310,jorsol,12,58.1081081081081,43,31,585.03,435.58,189.81,6.66,5.28,12.03,00:33:29,90.8,2.9
311,MEMESlS,12,62.75862068965517,91,54,660.52,545.23,117.6,8.37,4.68,7.37,00:33:38,145.5,1.5
312,Kaxig1,12,54.589371980676326,113,94,588.24,430.25,100.4,8.29,5.2,10.54,00:32:31,92.7,0.8
313,Endless`Pain,12,62.96296296296296,34,20,682.33,554.48,149.21,12.39,6.02,9.65,00:32:04,127.9,0.8
314,MilaKunstIs,12,54.07725321888412,126,107,615.83,418.94,139.98,8.14,6.56,10.97,00:33:26,59.1,1.9
315,Mukeshi,12,62.352941176470594,53,32,662.19,527.67,115.51,9.72,4.91,8.32,00:35:25,107.2,2.4
316,O`,12,55.319148936170215,52,42,578.87,411.7,122.13,7.69,6.0,12.76,00:32:16,92.9,2.1
317,DarkPoker,12,59.13978494623656,55,38,591.36,422.04,147.75,8.28,6.09,11.03,00:32:30,77.7,0.8
318,NaRuTo_ZeRO,12,70.58823529411767,12,5,685.61,543.37,138.0,11.18,4.29,10.76,00:34:53,97.9,2.0
319,Agilko,12,54.60122699386503,89,74,512.07,359.19,136.12,6.1,5.82,11.82,00:34:06,84.3,2.1
320,sytherburg,12,52.66666666666666,158,142,511.93,345.46,140.48,5.71,5.51,12.86,00:36:22,102.0,2.2
321,streaky`,12,82.75862068965517,24,5,595.0,385.24,105.33,6.41,5.14,13.55,00:30:56,57.6,5.5
322,iSHOGAN93,12,62.1359223300971,64,39,629.55,492.94,157.87,9.23,3.94,9.55,00:36:31,69.1,3.7
323,L3LL3,12,90.0,18,2,329.75,308.52,156.29,2.1,4.15,10.95,00:27:56,25.0,4.0
324,PapaTurkish,12,71.82320441988949,130,51,683.63,565.18,159.05,9.5,4.46,10.25,00:32:46,157.6,0.1
325,Herminator,12,66.66666666666667,20,10,617.03,441.81,116.61,9.6,6.97,13.43,00:32:06,123.8,0.6
326,I`mportant,12,58.51063829787234,55,39,603.81,471.56,157.76,7.74,4.06,8.1,00:32:31,90.0,1.2
327,Fercho,12,53.27510917030568,122,107,456.13,351.41,99.75,5.05,5.8,11.81,00:33:31,84.6,4.1
328,JungleChild,12,54.81927710843375,91,75,636.97,453.69,167.32,9.08,5.98,10.22,00:31:20,105.8,0.7
329,Hafsguden,12,63.157894736842096,48,28,565.74,362.33,172.09,9.26,5.39,13.86,00:32:44,115.5,0.3
330,TehNubZar,12,64.40677966101696,38,21,506.15,362.02,145.85,6.02,4.81,15.14,00:33:01,67.3,4.5
331,BalanceBana,12,62.88659793814434,61,36,629.59,501.2,139.31,7.35,4.13,9.51,00:31:59,90.9,0.9
332,HEYMERCEDEZ,12,90.625,29,3,646.15,497.68,156.03,9.03,4.06,9.97,00:29:27,101.8,1.9
333,ImNoNoob,12,54.71204188481676,209,173,580.69,407.61,132.89,7.77,7.5,11.37,00:33:08,98.5,1.6
334,Killak,12,65.0,78,42,411.07,302.12,95.31,6.11,6.43,14.64,00:35:15,49.4,6.0
335,empaan,12,58.57142857142857,123,87,611.6,433.44,109.4,6.48,5.05,9.97,00:33:04,80.7,1.8
336,LYDOT,12,72.22222222222223,26,10,663.9,502.27,138.7,9.19,4.08,12.33,00:32:34,73.0,1.2
337,Akuankk4,12,53.674121405750796,168,145,558.56,405.29,181.84,6.01,4.47,10.71,00:37:36,118.1,1.9
338,L0w,12,67.1875,43,21,425.65,332.61,129.04,5.2,4.64,14.75,00:31:32,59.1,2.3
339,GOningjaGO,12,77.77777777777777,21,6,683.8,525.77,159.87,11.11,4.0,12.33,00:29:48,117.7,1.0
340,Viacheslav,12,75.93984962406014,101,32,560.64,410.68,197.49,8.56,5.02,12.95,00:33:35,103.6,2.0
341,Itsraining`,12,53.98230088495576,183,156,480.89,355.21,164.77,4.97,4.54,11.1,00:30:23,54.1,4.4
342,Strem,12,52.05047318611987,165,152,569.77,407.01,123.64,6.36,4.93,11.34,00:34:16,75.0,1.3
343,Slaskedyret,12,85.91549295774648,61,10,581.4,463.87,133.76,11.46,4.68,13.79,00:33:37,96.4,1.8
344,deadguy42,12,56.140350877192965,96,75,506.39,337.3,147.74,5.78,7.35,11.2,00:32:43,61.3,2.5
345,KOREANADE,12,82.17821782178218,83,18,694.63,572.25,144.99,11.15,3.35,9.67,00:32:19,105.8,0.7
346,KoreanKDR,12,53.125,68,60,641.39,493.7,124.65,8.52,5.14,7.52,00:33:44,123.1,0.3
347,Kameleon,12,55.60344827586207,129,103,518.44,366.71,147.0,6.02,5.14,10.72,00:32:57,73.3,1.9
348,Liquides,12,57.446808510638284,81,60,572.48,405.03,116.04,7.34,5.44,12.01,00:31:26,123.6,0.1
349,shoooogy,12,53.78151260504202,128,110,565.83,408.24,127.07,7.73,5.54,11.21,00:35:23,96.5,1.1
350,misha_pip,12,55.9748427672956,89,70,599.51,420.7,132.71,7.46,6.66,10.35,00:36:10,90.1,2.7
351,jEzuZZ,12,62.7906976744186,27,16,539.9,402.64,127.87,5.7,4.58,10.6,00:31:03,71.2,2.6
352,Twister97,12,55.02645502645503,104,85,603.33,424.7,97.08,10.33,7.13,10.11,00:33:28,106.3,1.1
353,PtopTaWa`,12,62.16216216216216,46,28,625.11,459.26,136.22,11.16,6.05,9.08,00:31:37,100.7,2.4
354,SIeePy`,12,60.465116279069775,130,85,445.41,336.56,143.55,4.85,5.36,10.89,00:31:51,74.3,3.8
355,`AnalSlayer`,12,63.85542168674698,53,30,596.05,415.51,102.76,8.35,5.9,10.61,00:33:11,83.4,2.5
356,Koge,12,69.04761904761905,87,39,405.3,316.55,110.84,3.08,5.87,12.79,00:32:04,64.8,4.4
357,roadtotalent,12,71.6417910447761,96,38,710.47,538.67,138.9,9.84,4.28,8.5,00:27:00,125.3,0.1
358,NinjaWalru5,12,65.21739130434783,30,16,380.91,286.06,244.28,3.15,6.59,15.98,00:31:17,66.6,3.8
359,Kloye,12,66.66666666666667,40,20,621.89,515.3,170.44,9.57,5.98,11.93,00:33:50,189.9,1.5
360,`ItzMeOnly,12,48.69565217391305,56,59,610.38,499.54,188.96,9.26,5.03,9.38,00:31:32,133.1,0.6
361,RockyBalboa,12,54.47470817120622,140,117,580.8,419.1,103.93,7.22,5.47,11.04,00:29:13,81.8,0.7
362,``deathwing`,12,65.07936507936508,41,22,602.83,443.68,127.34,7.75,6.14,11.81,00:36:02,108.2,0.7
363,mathamaix,12,56.09756097560975,69,54,571.16,454.73,132.54,6.62,5.38,10.96,00:33:32,96.3,4.6
364,Alelor,12,53.92156862745098,110,94,491.58,360.14,110.63,6.53,6.33,11.81,00:35:26,76.3,2.1
365,LordGrommy,12,54.05405405405406,80,68,554.02,424.8,160.68,5.34,5.85,11.38,00:33:27,86.9,1.6
366,Beo420,12,45.45454545454545,20,24,527.45,371.14,142.31,6.5,6.0,11.11,00:34:52,81.8,3.1
367,iMPATTY,12,60.8695652173913,14,9,651.01,441.29,173.1,7.26,4.7,11.3,00:28:18,82.3,0.3
368,KeyZeus,12,51.87793427230047,221,205,636.91,453.49,124.85,8.43,6.27,10.38,00:34:55,132.0,0.6
369,RipThisGame,12,70.66666666666667,53,22,639.15,525.32,161.01,8.32,4.2,9.25,00:24:40,151.6,0.1
370,RossleBiffen,12,52.32558139534883,90,82,467.74,305.55,133.4,6.23,7.54,12.75,00:32:15,45.9,2.9
371,Yerko,12,55.55555555555557,50,40,434.2,315.34,121.64,5.99,7.5,13.16,00:35:57,70.9,2.0
372,Timpasuger,12,50.91743119266055,111,107,649.18,497.95,165.22,11.1,6.5,8.71,00:34:42,89.4,0.8
373,pubbing101,12,74.60317460317461,47,16,625.97,457.48,163.21,9.33,4.78,11.06,00:32:19,121.1,1.4
374,OhIFeelYa,12,51.66666666666666,217,203,557.14,420.91,122.15,4.87,5.62,9.82,00:29:15,26.9,0.8
375,STAY`SCHEMlN,12,62.12121212121213,41,25,402.33,296.84,187.78,4.24,6.15,11.47,00:32:56,88.9,2.2
376,AppleVortex,12,55.94405594405596,80,63,554.53,392.66,257.46,6.77,5.88,11.34,00:34:12,73.9,3.2
377,AestheticHoN,12,64.44444444444444,58,32,578.93,459.26,160.01,8.0,4.48,11.24,00:32:45,99.5,1.1
378,`Nature,12,59.13978494623656,110,76,641.45,511.14,127.45,9.39,5.34,8.6,00:31:56,171.3,0.4
379,Scumpie,12,53.539823008849574,121,105,644.38,459.75,134.06,9.79,6.82,9.6,00:32:10,139.7,0.6
380,Roselynch,12,60.0,57,38,365.33,281.85,148.34,2.85,4.76,13.32,00:33:56,57.2,4.1
381,Skw33d,12,51.46443514644351,123,116,613.61,439.01,124.89,8.35,5.32,8.5,00:32:20,129.1,0.5
382,Furry13alls,12,62.337662337662344,48,29,601.15,458.42,124.4,7.58,5.36,8.08,00:37:11,189.3,0.5
383,Nightsoulx,12,50.0,127,127,573.83,392.92,170.57,7.02,5.77,11.28,00:34:23,77.0,2.2
384,profmalteok,12,57.3170731707317,282,210,555.88,394.16,134.91,6.66,5.79,10.27,00:32:26,84.9,0.9
385,MesuTR41,12,68.42105263157895,39,18,684.63,545.05,159.06,13.47,6.65,9.35,00:36:03,72.2,2.0
386,`IlIIlI``__,12,58.5,117,83,669.31,537.32,162.79,9.21,5.27,10.54,00:34:55,163.7,0.2
387,rAVrAVrAV,12,62.23776223776224,89,54,597.62,445.92,104.86,8.54,4.71,13.96,00:36:26,154.1,0.6
388,wh1tewater,12,57.894736842105246,66,48,539.08,367.15,104.69,6.42,6.63,11.47,00:32:37,85.9,0.8
389,Enjaay,12,55.4140127388535,87,70,526.65,377.11,118.07,4.93,6.15,9.77,00:33:27,83.2,1.9
390,Maeng_,12,54.63917525773197,53,44,559.46,402.71,117.72,5.88,6.45,10.96,00:32:09,66.7,5.3
391,`KAVABANGA,12,52.807017543859644,301,269,650.79,499.99,117.29,9.36,5.39,8.45,00:33:44,113.5,0.7
392,ColonelGanja,12,54.961832061068705,72,59,618.63,420.02,193.12,8.24,5.06,10.08,00:32:01,86.6,0.7
393,wilcat,12,57.14285714285714,44,33,636.45,476.72,170.36,8.21,4.71,7.87,00:36:08,93.3,1.4
394,KiyoPwnU,12,62.626262626262616,62,37,675.97,494.47,120.46,9.83,4.17,9.9,00:32:22,105.0,0.9
395,SufferDeluxe,12,60.0,24,16,672.67,539.88,103.36,11.7,5.28,9.45,00:32:45,120.5,0.4
396,AbelRojasHDP,12,69.1358024691358,56,25,684.56,564.97,139.63,12.35,4.85,9.68,00:32:58,120.7,2.1
397,KIoye,12,68.21192052980132,103,48,639.82,522.65,174.31,9.19,5.67,11.25,00:32:31,148.8,2.5
398,Ramenski,12,58.69565217391305,27,19,655.97,478.67,138.22,9.02,4.96,7.65,00:30:57,154.7,0.1
399,Malte`,12,52.17391304347826,36,33,549.49,397.52,122.56,6.52,5.17,11.29,00:33:16,76.5,2.8
400,DrCruz,12,58.16993464052288,178,128,558.85,404.98,98.38,7.79,4.13,10.15,00:34:19,67.8,0.7
401,Jelle,12,61.165048543689316,63,40,708.78,564.46,123.14,13.6,5.48,7.53,00:33:49,131.9,1.7
402,TRAINBOY,12,58.33333333333334,28,20,597.35,424.18,142.96,7.83,6.83,13.6,00:31:50,129.4,0.1
403,Jiglaw,12,68.0,17,8,634.78,441.19,134.54,8.68,5.48,12.72,00:32:49,64.1,1.4
404,Serilla,12,64.54545454545455,71,39,611.68,429.0,109.63,8.45,5.38,11.79,00:32:35,76.3,3.6
405,Chillern,12,56.25,9,7,697.34,552.04,131.35,6.5,3.88,8.31,00:33:52,115.2,1.1
406,Billigaormen,12,59.550561797752806,53,36,532.02,390.5,115.5,5.97,5.79,12.29,00:31:49,94.1,0.9
407,Mooo`,12,68.18181818181819,75,35,688.72,550.67,164.6,9.87,4.44,9.72,00:31:04,143.7,0.3
408,Nordstjerna,12,54.31034482758621,63,53,579.07,427.09,133.63,7.03,5.83,10.28,00:32:41,91.5,0.9
409,farfarsprut,12,56.62650602409639,47,36,609.2,468.02,116.71,9.48,5.36,9.23,00:31:49,110.0,0.5
410,Tiwindz,12,61.36363636363637,27,17,452.35,332.65,97.49,4.55,4.18,11.91,00:30:35,39.1,2.8
411,`Too`Nice`,12,52.89855072463768,73,65,602.6,424.58,123.76,10.71,6.85,9.29,00:33:59,106.7,0.5
412,hogooeye,12,59.70149253731344,40,27,556.1,394.92,138.57,7.12,4.57,11.85,00:32:58,76.1,0.9
413,Kron0,12,52.83018867924528,84,75,625.92,478.13,217.73,7.94,5.77,10.36,00:31:45,153.4,0.2
414,MrsHippie,12,54.33070866141733,69,58,579.89,431.3,165.14,6.41,5.47,10.99,00:33:23,97.5,1.4
415,Zelus`,12,57.228915662650614,190,142,547.15,371.0,120.39,8.15,6.22,11.8,00:36:34,120.9,2.4
416,MRTomaBOSS,12,62.96296296296296,34,20,616.93,452.8,116.02,7.46,5.81,11.2,00:32:28,107.8,0.1
417,IRescueYOU,12,53.521126760563384,114,99,569.23,377.81,104.21,7.33,7.27,11.54,00:34:52,80.6,0.7
418,Ranie,12,70.0,21,9,699.07,559.28,137.22,10.83,5.1,9.2,00:30:52,193.4,0.1
419,PACMANLOVE,12,56.81818181818182,25,19,501.37,348.87,140.86,4.36,4.41,11.66,00:32:37,30.6,3.5
420,IpleyTOwin,12,52.77777777777778,57,51,543.75,381.83,124.75,5.89,5.89,9.68,00:31:37,80.3,3.0
421,Beatdown`,12,61.111111111111114,11,7,669.56,557.2,143.2,12.17,4.89,8.44,00:31:18,125.2,0.3
422,Undercover2,12,79.26829268292683,65,17,699.1,523.13,104.6,8.79,4.84,10.61,00:37:02,141.2,1.6
423,Cy35,12,60.65573770491803,37,24,592.55,409.29,131.54,7.82,5.21,11.08,00:33:18,63.3,4.0
424,greek_lover,12,54.87179487179486,107,88,583.93,426.76,146.01,7.87,5.98,10.58,00:32:57,99.2,0.9
425,kolli,12,59.50413223140496,144,98,553.76,419.57,159.82,6.65,4.05,9.69,00:33:23,102.5,3.0
426,Sy`RoX,12,57.471264367816104,50,37,592.09,431.21,113.75,7.62,7.91,10.02,00:30:21,76.6,1.2
427,ForHerLove`,12,81.65137614678899,89,20,693.07,533.68,187.97,9.5,3.5,10.89,00:25:54,92.1,0.7
428,SheepSheep`,12,55.26315789473684,21,17,647.84,477.89,142.66,7.39,4.18,8.18,00:33:07,89.5,1.0
429,alotoffagina,12,57.14285714285714,32,24,655.13,509.45,174.06,10.29,4.54,8.55,00:32:24,105.9,1.6
430,AznBoyz,12,59.278350515463934,115,79,598.04,426.77,260.71,7.19,6.13,9.52,00:34:50,106.7,2.4
431,OriginalRem,12,62.921348314606746,56,33,584.58,439.04,117.39,7.22,5.62,9.38,00:31:03,117.9,0.9
432,_AbuAbuAbu_,12,55.88235294117647,38,30,558.74,404.26,153.74,6.81,4.99,12.07,00:32:25,83.8,0.9
433,SLAYKlLLER,12,51.92307692307693,108,100,551.4,400.46,126.1,7.8,6.73,10.35,00:31:34,116.4,3.6
434,General_W,12,50.90909090909091,112,108,577.48,385.57,124.01,7.89,7.54,10.53,00:32:05,106.5,0.9
435,SoldierPick,12,52.631578947368425,160,144,590.97,430.07,108.65,8.25,6.19,9.24,00:31:49,88.8,1.1
436,ImaFatchi,12,55.07246376811594,38,31,610.32,475.85,155.73,8.96,4.68,10.16,00:32:10,125.8,0.3
437,TheBlueBox,12,53.79746835443038,85,73,587.69,407.83,102.52,6.57,5.34,11.8,00:31:58,98.2,0.7
438,gabo180,12,53.78787878787879,71,61,594.08,423.55,139.38,7.62,6.78,11.58,00:32:03,99.1,1.4
439,LadyPudding,12,54.96894409937888,177,145,387.93,294.33,106.79,3.91,5.1,12.1,00:33:05,23.9,8.6
440,JustAwsomee,12,60.674157303370784,108,70,532.69,355.5,128.76,7.71,7.3,10.66,00:33:39,84.1,1.6
441,Fapticus,12,58.41584158415842,59,42,608.29,435.12,119.2,7.57,5.58,12.48,00:32:15,91.3,1.9
442,FOREVERMIRIN,12,53.11004784688996,111,98,558.66,411.18,132.91,6.28,4.68,10.59,00:32:23,127.7,1.5
443,ragingstiffy,12,55.55555555555557,40,32,610.51,463.24,159.55,8.36,3.9,10.21,00:33:35,151.7,1.4
444,Dubbel`B,12,52.74390243902439,173,155,613.75,453.06,144.8,8.8,5.95,10.22,00:33:37,120.4,0.6
445,blublee,12,54.47761194029851,73,61,553.75,387.23,126.58,7.63,6.6,9.72,00:32:36,72.2,2.5
446,BARRYBOYZ,12,77.38095238095238,65,19,632.33,423.84,132.66,8.88,4.58,11.32,00:32:30,84.1,0.6
447,Callumm,12,54.16666666666666,117,99,591.89,417.11,131.71,7.92,7.44,12.68,00:31:37,77.3,2.7
448,WheresMySupp,12,63.09012875536481,147,86,481.91,345.7,164.62,5.27,4.44,11.65,00:32:34,109.9,1.9
449,Klanxi,12,59.47712418300654,182,124,569.12,389.11,114.38,7.58,6.45,9.66,00:33:46,79.3,0.2
450,gjanko,12,49.29577464788731,70,72,638.22,519.85,98.31,7.48,5.37,8.81,00:33:24,103.6,0.9
451,Kallhora,12,57.29166666666666,55,41,639.63,509.66,118.38,9.18,4.68,9.73,00:32:11,123.1,0.3
452,Poto`Roto,12,60.714285714285715,102,66,601.14,461.07,122.15,6.98,4.68,9.41,00:30:52,155.2,0.3
453,WkirhA,12,65.33333333333333,98,52,648.71,476.62,161.36,10.09,4.86,10.25,00:31:12,99.5,1.3
454,d00biez,12,62.06896551724138,54,33,381.42,277.61,167.03,2.48,5.76,15.07,00:32:37,74.3,2.1
455,B3astwithin,12,58.75,94,66,641.8,470.62,107.32,9.68,6.96,9.71,00:34:32,103.8,0.2
456,FizzMike,12,58.33333333333334,21,15,691.73,558.35,134.53,9.22,4.72,10.14,00:31:26,92.8,0.5
457,FluffyCat666,12,50.609756097560975,581,567,615.72,439.59,138.96,8.37,6.5,9.06,00:34:31,119.4,0.3
458,``Toasty````,12,55.27272727272727,304,246,621.68,442.3,109.35,8.89,6.86,8.97,00:35:08,67.0,0.3
459,WieLKiWaFeL,12,51.587301587301596,65,61,447.51,317.11,65.52,5.08,6.78,11.06,00:31:30,55.2,2.9
460,NortheastBoy,12,49.710982658959544,86,87,641.03,485.22,140.32,7.95,5.26,7.34,00:33:38,147.7,0.5
461,EMO161TGN,12,57.894736842105246,22,16,676.98,514.27,101.86,8.97,6.61,8.92,00:48:38,120.0,1.0
462,Arec_Bardrin,12,51.65876777251185,109,102,610.3,445.96,137.9,8.77,4.79,9.3,00:33:29,105.0,1.1
463,balanced`kek,12,52.67857142857143,118,106,524.36,385.03,118.17,6.68,5.08,9.58,00:31:10,107.9,0.3
464,Ligrid,12,56.20915032679738,86,67,501.3,362.28,146.0,6.25,5.27,10.71,00:33:25,88.3,2.5
465,FirebaIl,12,54.54545454545455,66,55,651.03,523.59,149.24,8.08,4.62,7.75,00:32:01,127.9,0.3
466,NoFlamesNo,12,57.295373665480426,322,240,583.52,393.08,136.37,8.31,4.33,11.55,00:32:29,67.8,0.6
467,Fkyea`,12,56.81818181818182,125,95,672.79,522.46,165.79,11.13,5.81,9.05,00:33:43,104.2,1.6
468,RainGotME,12,49.68944099378882,80,81,548.87,381.29,105.23,8.06,6.5,9.52,00:32:46,86.2,0.9
469,Caninae,12,50.33112582781457,76,75,532.25,376.25,125.15,6.15,5.43,12.54,00:33:37,55.6,9.6
470,jklpglhfjrtf,12,53.768844221105525,107,92,493.92,344.34,122.41,7.93,6.05,10.49,00:34:07,86.8,2.3
471,OttomanSlaps,12,55.55555555555557,45,36,451.88,299.82,250.32,4.05,8.35,10.63,00:31:30,114.1,0.8
472,Bitterblue,12,53.84615384615386,70,60,509.45,369.51,134.95,5.26,6.53,14.28,00:33:55,110.6,2.2
473,Gost`Cutte,12,56.02836879432624,158,124,478.82,353.32,90.44,6.07,5.7,11.44,00:34:30,78.6,0.9
474,``Obito`,12,57.77777777777778,52,38,605.4,467.41,148.69,8.13,5.04,8.6,00:34:19,111.9,1.8
475,Tammenterska,12,53.84615384615386,70,60,406.9,316.06,118.61,4.56,6.16,14.09,00:33:23,63.5,3.3
476,Symphoed,12,58.08383233532934,97,70,577.04,427.7,128.25,7.32,4.47,10.69,00:32:44,70.1,2.5
477,Unclechicken,11,55.55555555555557,10,8,657.08,510.31,118.12,5.5,4.17,6.44,00:33:34,119.4,2.1
478,LaTopa,11,51.01522842639594,201,193,540.26,353.17,179.8,7.14,6.94,11.58,00:31:28,67.7,2.4
479,iSenpai,11,74.19354838709677,23,8,515.85,371.3,113.31,4.94,4.84,14.74,00:29:04,32.7,7.3
480,ExTreMeGG,11,78.57142857142857,11,3,626.98,445.71,114.1,8.86,5.07,10.5,00:33:49,103.5,0.6
481,qecc,11,77.77777777777777,7,2,685.48,456.37,147.24,10.33,4.11,14.89,00:29:51,55.1,2.7
482,SpateX`,11,63.492063492063494,40,23,571.0,429.73,149.67,6.62,4.94,9.49,00:32:41,92.5,1.3
483,`MercyNo,11,64.70588235294117,66,36,655.83,439.06,199.83,11.23,5.88,8.28,00:32:47,94.7,1.0
484,BeaverBanger,11,88.23529411764706,15,2,654.55,608.58,163.45,10.53,2.59,10.12,00:31:37,142.4,0.4
485,HashtagWrekt,11,60.9375,78,50,659.15,512.41,131.38,10.17,5.1,7.98,00:33:19,130.4,1.0
486,Protagon`,11,67.16417910447761,45,22,621.69,466.29,141.41,10.87,5.84,10.54,00:33:12,117.1,0.1
487,iGame,11,63.72093023255814,137,78,598.72,426.03,185.31,7.55,6.64,10.11,00:32:36,112.5,1.3
488,ValBelair,11,100.0,12,0,630.54,497.22,137.59,8.5,4.08,10.08,00:35:51,85.8,1.8
489,Th`Architect,11,75.0,21,7,423.61,315.6,145.05,3.43,4.04,15.36,00:33:50,82.4,2.6
490,Zesty`,11,59.67741935483871,37,25,502.67,366.02,168.88,5.37,4.53,10.95,00:33:50,74.9,2.5
491,Ixionz,11,52.41379310344828,152,138,564.26,390.11,134.79,8.47,6.2,8.46,00:34:16,69.1,0.9
492,SickFaceKurt,11,51.675977653631286,185,173,581.51,406.56,143.03,7.52,5.81,8.39,00:32:57,102.3,0.5
493,MarioCasas,11,61.016949152542374,36,23,575.06,402.84,106.25,7.9,6.07,9.75,00:31:10,140.2,0.5
494,Mjponalana,11,50.33783783783784,298,294,551.82,393.98,106.7,7.12,6.25,10.23,00:34:23,69.6,1.8
495,Orthos_,11,51.85185185185186,126,117,556.74,387.84,118.67,6.65,6.07,12.13,00:33:27,79.5,3.0
496,LukeDukem,11,66.12903225806451,41,21,561.31,389.47,153.36,7.9,6.82,14.02,00:32:19,115.1,2.4
497,Kenazo,11,57.407407407407405,124,92,626.31,480.08,202.24,9.93,3.83,8.84,00:34:36,109.5,1.5
498,MMMKKKDEV,11,66.66666666666667,14,7,351.94,307.17,150.66,3.29,3.9,9.38,00:31:52,94.7,1.0
499,Bamb0o`,11,71.01449275362319,49,20,684.52,531.18,182.23,9.33,4.23,8.87,00:33:54,115.2,1.9
500,KillMeMaybe,11,76.43312101910828,120,37,561.32,414.68,100.89,7.96,5.52,11.64,00:31:10,100.1,1.1
501,Ichimaru_Gin,11,66.66666666666667,16,8,599.34,440.29,146.79,9.79,6.96,9.75,00:33:26,114.9,0.4
502,robzzr,11,80.0,12,3,586.26,507.04,155.17,9.0,5.6,12.93,00:30:17,69.1,1.2
503,JoeBoB,11,67.44186046511628,29,14,455.73,297.7,102.16,4.72,7.74,17.16,00:34:48,53.3,7.1
504,MrNiceD,11,64.47368421052633,147,81,621.3,455.24,203.18,9.34,4.64,9.5,00:30:17,160.0,4.5
505,SmokeP,11,52.72727272727273,145,130,424.09,297.17,127.08,4.04,7.61,13.17,00:34:29,56.1,4.2
506,BlaCkDeaTH65,11,53.10344827586207,77,68,513.77,343.32,86.59,6.7,8.51,12.09,00:35:00,91.3,1.0
507,Nepesis,11,72.97297297297297,27,10,604.46,434.03,123.45,6.35,4.35,10.27,00:33:36,101.6,1.2
508,iGankYourMUM,11,58.11965811965812,68,49,626.62,464.79,139.89,8.11,4.69,10.14,00:33:37,73.6,2.4
509,Math_Pro,11,70.9090909090909,39,16,633.37,519.21,146.48,7.75,3.91,8.85,00:31:35,124.6,1.7
510,eL_Habibi,11,54.61254612546126,148,123,373.35,275.05,143.84,2.87,5.04,11.76,00:32:26,18.5,10.2
511,MartinGarrlx,11,100.0,6,0,761.31,630.31,159.9,15.0,2.67,12.5,00:32:11,46.0,5.8
512,JUKECONOMICS,11,55.07692307692307,179,146,651.02,503.47,143.67,10.18,3.42,6.74,00:26:55,99.0,0.3
513,Killowe,11,60.41666666666666,29,19,534.16,403.85,110.42,5.9,5.56,12.17,00:32:07,77.4,4.1
514,Feedi,11,59.793814432989684,58,39,657.0,550.92,124.15,9.65,3.87,10.12,00:33:26,129.4,0.5
515,Loghatchet,11,59.42028985507246,205,140,631.27,438.91,141.97,9.26,6.22,9.68,00:32:00,75.2,1.8
516,LikeMat`,11,51.239669421487605,62,59,593.68,428.49,132.78,9.41,6.31,11.36,00:32:06,115.1,0.6
517,Doctor85,11,57.03703703703704,77,58,496.47,322.37,111.06,5.66,5.38,12.59,00:34:50,48.7,2.2
518,WORLDefender,11,55.55555555555557,5,4,599.16,457.01,120.74,10.22,7.56,13.11,00:32:05,81.9,0.9
519,BBorn,11,74.39024390243901,61,21,685.57,533.23,127.78,11.94,5.21,8.74,00:30:38,144.5,1.8
520,IMPOSSSIBRU_,11,65.57377049180327,40,21,667.78,503.16,175.09,9.54,4.05,8.2,00:34:19,82.5,2.3
521,elcnU,11,76.875,123,37,717.24,570.24,117.05,9.77,4.8,8.95,00:37:45,164.6,1.4
522,Dotth,11,80.0,8,2,528.84,385.31,172.53,6.0,4.9,13.1,00:33:51,86.7,1.3
523,L4byr1nth,11,57.7319587628866,56,41,663.85,527.22,139.84,9.12,5.16,6.96,00:31:03,103.8,0.5
524,`Noctis`,11,53.01204819277108,44,39,533.59,385.84,100.72,7.06,5.34,10.13,00:35:01,100.0,1.5
525,patatas_,11,47.59825327510918,109,120,558.92,381.37,109.56,7.35,7.37,11.25,00:34:55,70.7,2.1
526,ViIeplume,11,58.69565217391305,54,38,605.63,428.98,115.84,7.07,5.21,10.82,00:32:52,95.8,2.2
527,FanOfWood,11,75.25773195876289,73,24,696.04,556.42,145.47,9.03,2.93,8.71,00:30:39,176.8,0.2
528,Papa_Divine,11,66.66666666666667,4,2,689.34,582.6,159.3,14.5,7.33,9.67,00:32:29,117.2,0.9
529,BeMeo,11,59.62264150943397,158,107,579.5,390.49,147.69,7.98,6.08,10.85,00:32:41,87.7,2.4
530,BanIisted,11,79.38144329896906,77,20,612.76,486.98,152.69,7.22,4.0,9.47,00:30:47,106.6,0.3
531,iGriefUnot,11,56.81818181818182,75,57,628.77,463.35,164.94,7.93,4.7,9.71,00:30:58,129.4,0.5
532,CockMagician,11,53.92156862745098,55,47,525.98,356.26,145.4,5.88,4.9,11.7,00:32:38,63.2,3.5
533,Moerix,11,75.71428571428571,53,17,634.74,495.76,132.04,6.83,2.81,10.17,00:34:10,84.8,0.5
534,MrCEnS,11,57.59493670886076,91,67,539.41,387.23,134.2,7.84,6.37,12.94,00:34:15,90.4,2.0
535,C6H12O6,11,50.56179775280898,135,132,633.98,475.42,192.42,9.31,6.1,7.86,00:33:25,96.8,1.5
536,AmSONUMB,11,62.0,31,19,677.67,584.87,119.85,12.5,3.8,10.36,00:34:09,146.4,0.5
537,beastenok13,11,56.0,42,33,512.3,364.72,88.55,6.6,4.88,9.8,00:31:29,97.3,1.1
538,Syv305,11,64.40677966101696,38,21,582.98,406.05,153.6,6.9,5.9,10.61,00:36:51,129.4,2.4
539,Raikageee,11,49.08485856905158,295,306,539.29,353.92,145.86,8.19,7.82,11.97,00:32:49,71.5,1.2
540,King`Nicke,11,57.377049180327866,35,26,601.66,437.64,125.09,8.72,5.84,9.0,00:30:55,91.9,1.2
541,MonkeyStronk,11,86.27450980392156,88,14,693.16,543.63,122.63,11.75,3.8,9.52,00:30:02,133.0,0.4
542,Iivefree,11,50.0,4,4,723.22,536.1,172.42,8.13,5.0,8.63,00:33:29,145.7,0.2
543,Dr`Raven,11,66.66666666666667,16,8,701.62,496.35,128.58,9.38,5.42,9.42,00:32:10,169.1,1.1
544,xiaoBaoBei,11,62.98342541436465,114,67,657.22,512.78,206.73,10.75,5.06,10.66,00:33:59,128.4,0.1
545,lillaGusten,11,60.0,120,80,595.55,430.03,136.81,8.08,5.29,10.1,00:31:16,106.7,0.5
546,WTSsupport,11,56.36363636363637,62,48,370.71,255.89,95.75,3.06,6.16,15.54,00:34:28,32.4,11.0
547,PlayBoi`,11,74.07407407407408,20,7,599.6,478.69,172.65,6.11,2.89,10.3,00:32:41,144.9,1.7
548,Ten`Je,11,59.57446808510638,84,57,384.24,289.72,97.96,2.67,6.0,14.48,00:33:02,57.3,5.6
549,CelMaiCiudat,11,56.179775280898866,50,39,491.45,330.97,147.79,4.63,6.99,13.12,00:33:02,72.2,3.6
550,Pastaclaes,11,55.07246376811594,76,62,547.54,351.02,135.98,9.79,8.57,12.33,00:32:30,78.6,0.9
551,Anders_,11,55.26315789473684,42,34,559.72,411.12,125.2,7.84,5.59,10.68,00:33:52,71.8,4.4
552,EmperorObama,11,69.56521739130434,16,7,646.31,542.19,138.55,11.17,4.13,9.09,00:31:23,132.4,1.0
553,ImbaPingu,11,58.03571428571429,65,47,655.76,516.95,157.85,9.79,6.63,8.81,00:31:34,144.7,0.6
554,KixzEuS,11,78.26086956521739,18,5,677.66,505.14,111.43,11.26,5.52,9.26,00:30:20,112.6,0.2
555,kicjaz,11,64.16666666666667,77,43,656.07,534.0,138.11,8.92,4.39,7.75,00:33:11,89.4,1.9
556,Drak`Krigare,11,74.35897435897436,87,30,598.11,449.1,100.57,7.59,4.34,10.1,00:31:55,108.0,1.0
557,Ttanum,11,55.55555555555557,10,8,592.35,405.46,126.45,6.89,5.06,10.83,00:33:46,49.4,6.0
558,xmouzex,11,54.21052631578947,206,174,459.13,330.2,164.45,5.18,5.9,13.64,00:33:48,67.1,1.4
559,Enireflow,11,73.80952380952381,31,11,696.42,483.52,120.82,8.93,7.5,9.24,00:29:34,102.2,0.5
560,Dr_Slump,11,54.444444444444436,196,164,589.48,435.99,219.17,7.2,5.15,10.18,00:34:25,101.0,1.4
561,SpazOut`,11,60.273972602739725,44,29,615.74,453.89,145.24,6.85,6.29,10.47,00:31:53,122.2,0.7
562,M1ndGame,11,85.71428571428571,18,3,728.38,587.13,131.45,13.9,4.14,9.48,00:30:32,136.6,0.4
563,SupremeM,11,64.0,16,9,607.25,437.02,146.61,8.92,5.16,13.0,00:32:08,109.6,1.0
564,slimeballz,11,51.687763713080166,245,229,555.39,352.24,124.79,8.29,9.45,12.39,00:33:35,97.5,0.7
565,toi`,11,55.47945205479452,81,65,586.8,439.7,165.38,7.65,4.51,11.6,00:34:20,100.6,0.7
566,IAmHanz,11,56.25,36,28,598.77,443.87,134.46,7.67,5.84,10.8,00:33:08,95.6,3.5
567,BodyBuiLDeR`,11,65.07936507936508,41,22,489.46,384.39,130.93,4.32,4.02,12.29,00:32:34,68.4,2.5
568,Dysp,11,61.44578313253012,153,96,398.43,292.84,192.42,4.66,7.35,13.84,00:32:53,38.1,7.7
569,BigBaer,11,55.17241379310346,32,26,627.64,455.02,142.92,8.05,6.24,8.93,00:32:09,89.0,1.6
570,Matt`Murdock,11,74.68354430379746,59,20,676.13,542.91,135.46,11.42,4.2,11.48,00:32:44,155.7,0.4
571,Pessi,11,58.620689655172406,17,12,683.82,512.76,126.99,8.07,4.59,7.28,00:32:11,122.6,0.3
572,Bazookaleffe,11,55.55555555555557,80,64,620.16,472.54,134.1,9.72,4.42,10.75,00:32:19,111.4,0.5
573,Angel3dfx,11,58.163265306122454,114,82,542.59,365.8,112.5,6.65,6.42,10.49,00:35:04,87.9,1.1
574,Reckem,11,51.181102362204726,65,62,510.89,376.3,159.69,6.21,4.71,10.8,00:34:55,72.1,3.9
575,AlphaToBeta,11,56.62650602409639,47,36,585.56,428.04,104.67,6.58,4.71,9.14,00:32:02,114.8,0.9
576,shawqi,11,51.055662188099824,266,255,596.53,423.02,113.12,8.06,6.77,8.86,00:35:50,89.8,1.3
577,cHip`,11,63.72549019607843,65,37,381.74,283.57,199.39,2.95,4.03,13.71,00:33:49,31.0,6.1
578,_D0MINAT0R_,11,56.122448979591844,55,43,599.73,424.54,102.81,7.5,6.16,11.89,00:30:41,84.9,0.7
579,EaDekeLZ`,11,53.88888888888889,97,83,604.42,435.49,133.16,9.46,6.47,9.52,00:33:26,98.4,1.8
580,ChaosScream,11,61.46788990825689,67,42,502.98,334.08,315.09,4.9,5.83,15.63,00:34:12,45.7,4.7
581,Habydanlu,11,58.82352941176471,20,14,370.18,271.53,115.8,2.94,6.68,12.97,00:33:55,66.0,2.5
582,NickNoIte,11,71.42857142857143,10,4,641.99,510.76,88.55,7.36,6.0,9.29,00:33:35,128.2,1.1
583,VIER`esports,11,55.0,44,36,644.37,476.94,213.11,6.68,4.91,7.84,00:36:26,193.0,1.0
584,Naabster,11,51.219512195121965,147,140,533.66,351.78,101.77,6.96,8.3,11.86,00:34:50,81.3,2.0
585,Galaxy,11,59.21052631578947,45,31,570.13,428.03,113.07,7.33,5.57,11.62,00:33:26,116.2,0.7
586,tarazan17,11,58.15217391304348,107,77,491.32,360.24,158.52,5.13,5.1,12.11,00:33:09,78.7,3.7
587,ChamiiTo,11,56.38297872340426,53,41,650.19,500.53,148.72,11.8,5.37,6.56,00:33:36,148.6,0.2
588,McBubbIe,11,58.18181818181818,64,46,610.22,445.92,118.34,8.96,6.6,10.12,00:30:04,92.5,0.6
589,UnknownAIias,11,61.111111111111114,88,56,630.26,432.66,149.17,9.64,4.96,11.73,00:35:08,116.9,1.6
590,`MURMAIDER,11,52.12355212355211,135,124,449.96,306.1,175.12,4.29,7.14,13.3,00:33:11,53.8,4.3
591,Gixin,11,61.410788381742755,148,93,585.74,438.34,102.09,6.68,4.41,10.86,00:30:13,107.0,1.2
592,Dalenko`,11,50.68493150684932,37,36,497.07,337.42,93.51,6.55,5.29,12.18,00:33:47,95.6,3.3
593,K4jl3r,11,55.84415584415584,86,68,461.11,312.77,209.68,4.27,8.36,13.26,00:33:11,57.8,3.3
594,Kaelen,11,76.19047619047619,32,10,387.53,331.73,170.73,3.07,2.67,10.05,00:30:05,71.7,2.3
595,MissHippie,11,68.18181818181819,15,7,684.66,540.32,152.53,9.0,4.41,9.14,00:33:46,111.1,0.4
596,bakker`,11,57.6,72,53,549.89,404.18,151.23,6.53,5.68,11.37,00:30:50,63.8,2.9
597,LustNFaith,11,64.61538461538461,42,23,586.52,408.78,126.3,6.62,5.98,12.17,00:30:09,97.7,1.0
598,JohnW1ck,11,58.33333333333334,35,25,675.13,499.91,161.54,9.03,4.47,9.35,00:31:34,123.0,0.9
599,hSpoon,11,100.0,9,0,580.7,456.64,187.98,6.22,3.89,13.44,00:31:26,102.0,0.7
600,forzten,11,60.0,36,24,517.9,373.59,115.98,6.78,5.92,12.85,00:32:02,94.6,1.1
601,LizaPetrovna,11,52.84974093264249,204,182,583.51,398.04,93.41,7.71,7.32,10.91,00:29:57,56.6,1.4
602,Tompz,11,63.829787234042556,30,17,599.24,398.78,164.6,8.7,7.43,13.49,00:32:20,61.5,4.4
603,DaiLawn,11,74.07407407407408,20,7,484.2,334.7,149.64,3.48,4.3,13.7,00:33:41,68.0,2.0
604,POLLYREALMVP,11,73.91304347826087,17,6,614.88,479.9,164.08,9.35,4.35,11.0,00:26:59,122.2,0.9
605,`Genos,11,58.82352941176471,20,14,654.47,515.36,129.98,12.12,5.41,10.47,00:32:37,95.1,1.9
606,kipero,11,80.0,12,3,358.91,264.05,104.46,2.33,5.73,12.8,00:36:35,54.2,4.2
607,`Call`911`1,11,59.550561797752806,159,108,521.91,360.75,124.77,7.91,5.74,12.16,00:32:59,67.2,0.3
608,vi_xoxo,11,63.76811594202898,44,25,554.21,388.92,107.74,6.22,5.16,11.65,00:33:39,92.4,2.5
609,AngryRusky,11,47.31182795698925,44,49,549.94,416.12,125.12,6.58,4.76,10.14,00:32:49,88.4,1.7
610,phillipeh,11,58.139534883720934,50,36,514.32,383.23,126.37,6.2,6.19,10.73,00:34:23,79.0,1.9
611,BBCgenetics,11,71.32352941176471,97,39,695.99,551.56,178.13,10.16,3.79,7.46,00:33:16,138.4,0.3
612,DerpJunior,11,56.52173913043478,39,30,377.0,285.89,100.25,3.36,6.99,13.46,00:34:02,76.6,3.8
613,GASICKUR,11,61.224489795918366,30,19,552.37,361.12,148.73,8.45,7.94,14.45,00:33:40,86.8,5.7
614,N0toriousN,11,88.88888888888891,8,1,762.92,616.9,144.15,15.33,3.44,7.22,00:31:54,181.6,0.3
615,Wylle,11,58.82352941176471,10,7,578.65,384.06,138.07,6.88,5.24,11.12,00:32:34,102.9,1.2
616,__FaCeLess__,11,53.90625,138,118,512.96,353.2,105.16,6.35,7.3,11.03,00:34:53,94.6,1.2
617,Glook_,11,53.293413173652716,89,78,582.84,434.39,134.05,8.34,4.78,9.11,00:32:14,93.7,1.0
618,HermousCze,11,53.04878048780488,87,77,577.25,409.2,125.14,7.6,5.71,10.61,00:31:42,84.3,1.5
619,Pooptato,11,51.90839694656489,136,126,518.57,369.03,130.19,6.08,5.12,12.74,00:37:04,133.3,2.6
620,Plogarjan_42,11,60.36036036036035,67,44,579.45,428.64,129.46,7.33,5.46,10.87,00:34:45,92.7,3.3
621,Cafeeed,11,67.85714285714286,38,18,512.33,346.8,104.28,6.63,4.79,14.3,00:30:08,60.0,2.1
622,BlaZinStriKe,11,100.0,8,0,762.33,631.2,153.95,11.5,2.5,7.75,00:31:11,73.5,1.5
623,TheyNerfedMe,11,58.51063829787234,55,39,529.43,400.46,156.72,5.63,5.71,10.56,00:33:04,104.7,1.0
624,SexyLouis2,11,60.0,42,28,623.7,441.67,164.95,8.67,4.7,9.99,00:33:09,111.8,2.1
625,GuruPitka`TM,11,85.71428571428571,12,2,667.54,549.27,174.69,5.93,2.64,7.86,00:32:55,146.9,0.6
626,AfricanDE,11,68.67469879518072,114,52,517.46,370.19,95.79,6.75,5.36,12.89,00:32:12,70.1,1.3
627,RaptAJunk,11,73.07692307692308,19,7,700.81,514.24,136.93,10.35,4.46,9.42,00:29:39,80.6,0.4
628,LickMyMic,11,77.77777777777777,7,2,365.08,294.49,155.89,3.56,3.89,10.11,00:34:47,93.9,1.3
629,Sakarotmt,11,51.54394299287411,217,204,530.44,344.24,100.8,6.66,7.49,12.44,00:34:15,90.2,3.7
630,Freeatlast`,11,68.18181818181819,15,7,392.51,281.13,137.61,3.23,7.23,15.09,00:30:35,29.4,4.8
631,phev`d,11,54.97553017944535,337,276,637.57,459.3,129.32,8.62,5.17,8.53,00:31:54,100.1,0.5
632,JukemDukem,11,77.77777777777777,7,2,666.63,464.48,117.24,11.0,7.0,13.22,00:33:01,60.6,2.6
633,Anair,11,50.806451612903224,63,61,486.62,338.89,132.54,5.03,5.46,9.71,00:33:42,68.6,1.3
634,Wildzz,11,71.95121951219512,59,23,646.69,472.74,140.0,10.95,4.82,10.49,00:32:36,89.0,0.2
635,Aspekte,11,49.29824561403509,281,289,658.9,483.66,93.05,9.93,6.63,8.14,00:31:53,134.9,0.4
636,Svimklubba,11,61.36363636363637,27,17,631.0,452.23,146.23,9.55,5.0,10.93,00:32:06,119.8,0.8
637,batmanMVP,11,53.819444444444436,155,133,563.92,404.87,143.05,6.5,6.12,10.08,00:33:17,89.1,1.2
638,Crazyduck,11,57.5,46,34,508.95,370.18,111.4,5.98,4.19,11.8,00:32:54,78.2,0.6
639,STEVOPEDR0,11,57.74647887323944,41,30,561.51,440.81,107.08,5.93,5.1,8.77,00:31:33,96.8,1.3
640,IAmNotJohn,11,76.66666666666667,23,7,580.85,473.24,111.35,8.17,4.6,13.33,00:32:10,73.1,2.6
641,StarryEyed,11,56.63716814159292,64,49,546.06,398.73,63.94,7.88,6.04,10.22,00:33:22,99.0,1.4
642,DuhLightning,11,55.39568345323741,77,62,596.12,422.98,160.02,6.78,5.48,9.51,00:33:24,80.4,2.6
643,AxVoB,11,68.75,88,40,572.44,428.08,140.34,6.95,5.1,12.93,00:36:39,88.0,2.4
644,olFthAwolF,11,64.48598130841121,138,76,603.05,441.56,105.7,8.52,4.29,10.52,00:33:29,84.2,1.8
645,Dakxter,11,55.55555555555557,85,68,508.81,341.9,124.13,6.86,6.79,15.59,00:31:07,38.9,2.9
646,M_RothsChild,11,50.72463768115942,35,34,571.99,422.03,214.48,5.33,4.46,9.51,00:33:20,96.6,2.3
647,`ParaIIax,11,52.85359801488834,213,190,614.4,437.83,132.65,8.37,5.59,10.56,00:33:22,100.4,1.3
648,Znark`,11,59.25925925925926,48,33,660.36,503.6,135.53,8.41,6.04,11.01,00:33:46,117.7,1.3
649,HughMungus,11,69.04761904761905,29,13,671.25,515.05,158.39,10.07,5.29,10.67,00:32:22,91.3,0.8
650,DrCrane,11,84.84848484848484,56,10,676.87,560.29,171.22,10.85,3.12,10.02,00:24:46,81.3,0.5
651,exTro95,11,67.41573033707866,120,58,435.04,309.96,273.36,3.84,4.78,13.47,00:33:19,77.0,1.8
652,Pojkvasker`,11,53.96825396825397,102,87,650.03,502.75,120.1,7.16,4.96,8.39,00:32:45,99.5,0.8
653,d00biez`jr,11,67.34693877551021,33,16,655.67,496.97,97.99,10.65,4.63,8.84,00:32:05,128.1,0.5
654,GGImAfkCC15,11,68.05555555555556,49,23,712.74,544.46,129.63,12.61,4.9,7.92,00:34:04,96.7,2.6
655,timeto`JIHAD,11,57.3170731707317,47,35,661.1,498.28,173.58,9.73,5.65,10.13,00:29:24,50.8,5.0
656,Howrst,11,51.77304964539008,73,68,593.76,433.96,115.84,7.3,5.24,9.93,00:31:53,109.2,0.6
657,CooKiETrap,11,49.75369458128078,101,102,591.6,420.37,117.37,6.27,6.67,10.33,00:35:21,86.9,0.7
658,jegsmurfhehe,11,76.47058823529412,13,4,611.37,467.45,125.72,6.88,5.18,11.88,00:31:54,127.0,0.3
659,`hagamannen,11,86.66666666666669,65,10,603.9,429.78,156.76,8.75,4.76,11.76,00:28:38,104.4,0.3
660,Superkge,11,52.941176470588225,9,8,631.49,482.25,118.52,8.88,6.12,10.53,00:31:45,132.2,0.4
661,Raptormoto`,11,58.71559633027523,64,45,541.49,413.96,146.51,7.2,3.77,12.07,00:34:47,154.1,0.3
662,MakeItLast,11,53.731343283582106,36,31,630.29,517.65,125.96,8.4,4.19,8.82,00:28:27,119.1,0.5
663,PoorPapa,11,53.50877192982456,122,106,581.68,409.32,152.87,8.38,6.69,11.72,00:31:57,73.3,2.1
664,Crush1o1o_O,11,51.55555555555557,116,109,653.41,457.16,107.96,9.52,7.24,9.1,00:34:03,108.0,1.2
665,Fool`W`Name,11,53.24675324675325,82,72,537.55,379.68,141.08,8.08,6.05,9.49,00:35:09,93.1,1.6
666,miedvied,11,54.08163265306123,53,45,513.93,375.17,127.21,4.84,5.66,12.17,00:32:53,77.9,4.5
667,MrStorm,11,63.01369863013698,46,27,505.81,356.72,154.71,7.32,6.59,10.85,00:34:51,74.0,0.9
668,FloArni,11,50.26737967914438,282,279,567.35,407.89,139.9,7.15,5.67,10.71,00:34:43,84.6,2.0
669,MR`Patate,11,70.65217391304348,65,27,656.63,503.62,156.33,9.8,4.75,11.61,00:30:31,100.3,0.3
670,Black0wl,11,55.24475524475525,158,128,514.23,349.81,131.45,5.67,5.88,12.17,00:32:56,102.4,2.0
671,Brooke`,11,72.22222222222223,26,10,647.65,489.67,201.29,8.28,3.56,8.92,00:27:59,118.9,0.5
672,BigButtts,11,47.61904761904761,10,11,576.83,390.98,129.58,8.43,7.1,9.95,00:30:51,129.8,0.9
673,Mejhy,11,73.83177570093459,79,28,634.45,448.55,112.29,11.36,4.25,11.23,00:32:35,104.6,1.6
674,Jakayza,11,53.0,106,94,592.96,405.85,228.58,8.38,7.52,10.99,00:34:40,89.8,2.2
675,markomania,11,55.68181818181818,49,39,472.34,319.87,146.3,5.1,7.07,11.83,00:34:21,53.1,2.0
676,SPOODYMAN,11,54.901960784313715,140,115,583.03,390.33,168.24,9.48,7.69,12.09,00:34:59,72.4,1.5
677,xema69,11,52.65017667844523,149,134,556.88,419.18,111.08,7.75,4.52,9.67,00:34:20,79.1,2.8
678,Eldaria`,11,100.0,6,0,643.97,500.77,148.73,11.17,6.33,14.17,00:26:14,102.3,2.0
679,Remjkee,11,50.809061488673144,314,304,575.11,412.73,116.69,6.79,4.96,10.66,00:32:48,104.5,1.2
680,moemoekanojo,11,59.57446808510638,84,57,400.14,278.1,158.19,3.44,8.0,15.25,00:13:42,473.8,6.4
681,Daak,11,50.23474178403756,107,106,516.03,326.34,127.64,7.14,10.49,12.74,00:33:58,91.2,0.8
682,ABBA,11,55.75221238938053,126,100,574.18,423.22,130.74,8.58,6.4,11.48,00:33:01,96.3,2.0
683,westbrookmvp,11,60.49382716049383,147,96,608.96,449.21,104.24,8.59,3.74,8.16,00:33:32,99.0,1.3
684,BaronVonFeed,11,69.23076923076923,9,4,533.09,388.18,101.09,6.69,7.23,12.54,00:32:45,109.6,0.4
685,ZippeD``,11,58.450704225352105,83,59,622.8,445.91,138.05,9.59,4.84,10.4,00:33:38,111.8,1.0
686,sbroooney,11,57.462686567164184,77,57,609.59,437.14,133.41,7.98,4.58,10.3,00:34:07,90.3,1.6
687,GOICELANDGO,11,55.75221238938053,63,50,650.88,490.15,175.23,7.9,5.93,10.6,00:30:20,89.2,1.4
688,Scootalooo,11,71.15384615384616,37,15,467.19,347.56,221.03,5.08,4.31,13.21,00:31:13,62.5,4.7
689,Zaloopa,11,54.16666666666666,26,22,568.98,398.08,132.75,7.71,5.83,9.69,00:32:15,105.9,0.7
690,`Zezima,11,58.208955223880594,39,28,639.76,460.0,104.44,8.72,6.27,8.94,00:33:31,125.2,1.0
691,GeKkOz,11,53.63636363636363,118,102,506.65,349.65,123.62,7.04,6.15,9.8,00:33:51,83.3,2.2
692,`Pepperino,11,76.92307692307692,20,6,621.54,488.5,141.4,9.35,4.31,10.54,00:34:17,126.3,0.2
693,Zekesomfan,11,60.0,27,18,697.86,566.98,181.96,8.31,4.6,9.18,00:32:15,142.7,0.7
694,Pr0MerlinZ,11,58.8495575221239,133,93,624.09,437.31,121.34,11.37,6.97,9.22,00:35:58,84.6,1.4
695,Bzrto,11,52.577319587628864,102,92,617.4,473.13,150.17,8.88,6.09,8.13,00:32:30,118.2,0.4
696,iChilledOut,11,60.0,45,30,624.65,466.2,119.06,7.81,5.43,13.01,00:33:12,86.7,2.1
697,Stromboly,11,57.647058823529406,49,36,562.46,420.58,109.93,6.33,6.19,11.2,00:33:53,76.7,1.5
698,Shredder```,11,52.105263157894754,99,91,500.37,347.82,113.37,5.37,5.46,10.87,00:34:06,56.2,3.3
699,LuckyBarely,11,70.0,14,6,583.15,437.07,116.82,4.15,3.55,10.75,00:33:18,138.5,1.0
700,Karigard,11,54.185022026431724,123,104,638.52,476.17,132.64,8.71,4.69,10.13,00:31:26,145.8,0.2
701,Mofiz,11,49.73821989528796,95,96,583.69,434.93,123.3,7.61,5.59,10.36,00:33:28,86.8,1.4
702,CIRUS,11,68.42105263157895,13,6,727.36,607.74,156.24,12.11,4.74,9.05,00:33:35,75.9,1.8
703,Yo_SolaRioOm,11,51.70603674540683,197,184,583.08,406.86,145.33,9.22,7.54,10.66,00:29:31,92.1,2.5
704,UgIyTesticle,11,56.81818181818182,175,133,509.83,372.62,161.9,6.26,5.42,12.09,00:32:22,89.7,4.5
705,Greed_lover,11,70.83333333333333,17,7,631.93,491.69,100.62,6.54,3.58,11.92,00:32:00,93.8,1.5
706,Jbalvin,11,51.66666666666666,62,58,475.08,303.93,141.28,6.52,6.6,12.98,00:34:21,58.0,3.2
707,Kingriel,11,51.832460732984295,99,92,562.81,397.07,176.46,6.94,5.92,9.73,00:33:19,101.0,2.9
708,RaketLeffe,11,60.3448275862069,35,23,641.5,478.81,172.07,9.0,4.83,9.79,00:31:26,109.6,0.7
709,WoWeX,11,50.387596899224796,195,192,618.69,417.33,131.06,8.58,8.19,9.35,00:32:10,89.7,0.5
710,ItWas_Luck,11,54.9738219895288,105,86,536.37,400.24,206.68,6.15,4.31,10.17,00:33:40,114.5,0.5
711,Tudster,11,55.670103092783506,54,43,553.75,386.34,117.0,7.44,5.57,12.31,00:33:24,106.3,1.3
712,UniqueDeath,11,70.58823529411767,60,25,582.65,449.39,121.99,6.26,4.29,8.31,00:33:22,77.9,3.5
713,MlNDTRICKS,11,66.66666666666667,10,5,599.93,519.85,151.24,11.2,8.27,14.53,00:32:01,116.8,0.5
714,CatLoMein,11,80.0,8,2,722.93,591.08,118.29,12.8,3.3,10.6,00:30:47,154.5,0.1
715,`9Limp,11,61.06194690265487,69,44,652.66,553.02,118.51,10.07,3.84,10.2,00:34:08,144.4,0.6
716,LivingWeapon,11,62.0,31,19,674.09,498.68,120.52,9.78,4.7,9.76,00:32:56,141.3,0.5
717,TrollCola,11,57.27699530516432,122,91,625.8,443.03,129.44,9.47,3.72,7.92,00:34:28,139.3,0.5
718,kennethChap,11,88.88888888888891,8,1,487.82,340.96,155.92,5.22,4.78,15.44,00:33:09,37.2,5.9
719,IAmALady`,11,52.38095238095239,11,10,649.18,459.22,181.64,8.67,4.86,11.0,00:33:14,90.8,2.4
720,LotsofQQ,11,70.0,7,3,719.67,633.22,148.01,14.4,3.6,6.3,00:31:57,112.3,0.2
721,BanaFlyerx,11,61.53846153846154,24,15,681.4,556.34,141.51,8.26,3.87,9.03,00:33:04,68.4,1.3
722,KhalifaKush`,11,57.77777777777778,52,38,498.39,345.25,88.26,5.12,5.76,13.89,00:34:00,68.7,0.7
723,LeXenegy,11,47.61904761904761,20,22,652.92,505.1,136.35,9.81,4.45,6.1,00:33:46,146.8,0.5
724,MLGcarry`,11,64.0625,41,23,674.03,531.36,122.32,8.63,6.23,7.7,00:34:42,133.0,0.5
725,Lucifer,11,60.83333333333334,73,47,496.39,383.74,135.94,4.66,5.29,13.85,00:34:15,46.1,3.4
726,Sinthkanone,11,56.55737704918032,69,53,556.99,371.73,166.17,7.58,6.37,11.32,00:31:29,76.7,2.3
727,ElRetardos,11,54.022988505747136,94,80,501.99,338.45,153.04,5.67,5.79,14.93,00:30:17,63.3,2.2
728,InWoklEr,11,53.65853658536585,88,76,579.87,422.78,116.77,7.91,6.04,10.27,00:32:01,95.8,0.6
729,lqs`,11,60.0,21,14,670.84,517.15,140.03,11.66,5.29,9.89,00:25:58,130.2,0.4
730,Mahalax,11,60.483870967741936,75,49,622.09,461.11,145.55,9.03,6.7,10.01,00:32:52,104.3,0.8
731,KingOfSmack,11,67.69230769230771,44,21,675.74,531.26,140.24,10.91,4.97,10.35,00:33:40,116.0,1.8
732,dANJAHAHA,11,52.02312138728324,90,83,520.97,363.58,144.69,6.55,5.32,9.75,00:32:18,123.2,0.5
733,Yoddler,11,67.97752808988764,121,57,650.43,471.97,131.11,10.57,5.06,11.52,00:31:35,138.8,0.1
734,stolmannen,11,77.77777777777777,7,2,573.44,429.37,128.75,11.67,5.0,15.11,00:33:11,109.7,0.4
735,Fattigfizk,11,60.81081081081082,135,87,647.79,507.76,145.52,9.46,4.39,8.85,00:33:16,26.7,6.4
736,TrashLAND,11,63.84364820846907,196,111,603.08,451.47,130.67,9.28,5.21,9.11,00:35:29,144.2,2.1
737,rejjieSLOW,11,57.84313725490196,59,43,619.07,430.7,150.31,7.34,4.79,9.11,00:32:21,88.9,1.3
738,Hipn0s,11,50.32467532467533,155,153,484.76,326.2,105.34,5.53,7.3,13.76,00:34:18,49.8,5.5
739,`SuGoSu,11,53.535353535353536,53,46,595.85,398.13,92.7,7.1,6.53,11.47,00:34:45,121.4,1.5
740,RazZlak,11,63.414634146341456,26,15,668.47,517.35,140.96,7.98,5.02,8.0,00:29:17,131.2,0.1
741,H`U`L`K,11,88.88888888888891,32,4,580.41,405.59,186.75,6.47,4.39,10.06,00:31:50,65.8,1.4
742,ParaDAS,11,100.0,6,0,904.5,730.29,135.45,16.0,2.0,9.17,00:36:00,164.5,1.4
743,Tengil_kan,11,69.56521739130434,16,7,725.46,610.38,159.86,14.09,3.35,8.22,00:31:01,116.1,0.2
744,MonkeySIut,11,53.24675324675325,41,36,602.54,450.21,185.5,8.36,4.08,9.25,00:32:52,117.9,0.6
745,Skogsfru,11,58.441558441558435,45,32,535.89,354.22,106.1,6.39,6.14,12.19,00:36:43,92.9,2.8
746,Alucard92,11,52.892561983471076,64,57,521.27,363.04,97.35,6.1,6.93,13.0,00:34:10,73.1,2.0
747,SammySaIsa,11,65.0,26,14,711.9,606.27,259.99,10.6,4.33,8.9,00:34:35,121.3,2.4
748,MbI_0dessa,11,57.14285714285714,56,42,485.9,337.51,97.26,3.83,5.21,13.55,00:30:17,42.4,5.9
749,Barakokula,11,57.3170731707317,47,35,505.13,376.44,104.75,7.09,6.76,11.62,00:33:57,82.9,1.5
750,GzLvee,11,49.61977186311787,261,265,631.95,488.42,72.26,8.05,5.08,8.42,00:33:17,120.2,1.5
751,`FeelsBadMan,11,55.55555555555557,30,24,682.1,529.46,134.11,8.43,4.67,10.59,00:31:21,120.6,0.6
752,Luchoos,11,50.38167938931297,66,65,619.76,469.88,114.2,9.74,7.32,10.0,00:31:49,95.2,2.5
753,AzAng,11,52.41379310344828,152,138,548.74,388.0,142.1,6.34,5.33,9.72,00:33:51,77.6,2.0
754,h0lyghost,11,75.0,12,4,732.81,574.83,139.33,10.5,3.31,7.25,00:32:25,161.1,0.1
755,ChillMF`,11,51.54639175257732,100,94,589.28,412.93,123.69,9.46,7.83,10.09,00:32:44,104.3,0.6
756,Gerch,11,67.56756756756756,25,12,653.36,448.19,144.65,9.84,5.97,10.57,00:31:17,99.3,1.1
757,heinadegen,11,51.5527950310559,83,78,628.36,456.48,110.95,8.29,6.25,9.44,00:32:44,117.7,0.7
758,sheraz,11,57.14285714285714,40,30,465.59,337.16,117.03,4.33,5.11,10.86,00:34:42,55.0,4.4
759,Skiwasser,11,49.74619289340102,294,297,541.55,360.04,120.31,6.75,8.41,11.53,00:34:06,78.9,2.8
760,MissMedic,11,68.0,17,8,359.82,306.0,88.73,3.92,4.4,10.92,00:31:00,43.3,9.2
761,Paraphilie,11,61.19402985074627,41,26,622.26,469.69,173.22,8.63,5.27,12.48,00:32:29,71.1,4.2
762,WarderTestie,11,73.91304347826087,17,6,733.49,582.23,154.59,8.65,2.52,8.91,00:30:15,167.2,0.4
763,Assassiner,11,53.0,106,94,455.9,322.67,100.84,4.31,6.14,11.66,00:32:43,58.6,2.4
764,El_chupak,11,55.08474576271186,65,53,514.31,348.6,133.05,7.05,6.97,11.37,00:33:00,72.8,2.0
765,Klore,11,75.0,105,35,582.36,458.75,172.13,8.06,4.93,13.67,00:34:14,80.2,2.6
766,kuher,11,58.64661654135338,78,55,455.89,308.27,79.61,4.98,4.03,10.17,00:32:34,50.8,3.0
767,Seemslegit,11,65.51724137931035,19,10,576.54,394.7,206.82,7.55,4.83,11.48,00:32:29,87.0,0.9
768,MrS0L0M0N,11,71.42857142857143,10,4,675.94,481.52,159.12,7.86,2.64,9.36,00:31:45,164.6,0.2
769,candyk4ne,11,53.61445783132529,89,77,619.22,449.03,152.07,9.61,6.18,9.99,00:35:38,152.5,0.2
770,Vishnus,11,55.55555555555557,60,48,394.17,287.48,158.66,3.87,6.3,12.24,00:35:38,48.0,3.5
771,ch1ldbreaker,11,54.76190476190475,23,19,615.26,449.95,131.24,7.6,5.67,10.45,00:31:50,79.0,1.8
772,thereal_davi,11,55.405405405405396,41,33,582.07,410.45,113.07,5.38,5.05,13.15,00:33:52,71.0,1.9
773,Qwesar,11,57.105263157894754,217,163,486.43,359.64,74.87,4.28,4.74,12.46,00:32:24,47.2,5.4
774,breakurpenis,11,52.24489795918368,128,117,469.29,358.18,119.45,4.38,6.3,13.0,00:35:24,92.6,6.5
775,Tkb`,11,51.75438596491228,59,55,535.28,372.55,163.98,7.33,6.9,10.27,00:34:00,78.2,1.0
776,renii,11,72.22222222222223,26,10,585.56,418.77,97.77,7.39,5.64,11.67,00:33:44,84.8,1.2
777,Detrox,11,53.8860103626943,104,89,468.62,317.14,100.64,6.05,7.31,11.02,00:31:30,74.0,1.6
778,SSaltyGerman,11,55.932203389830505,33,26,537.37,372.65,163.38,6.14,7.2,13.14,00:31:35,89.0,2.8
779,miyukiene,11,55.056179775280896,49,40,485.92,314.62,118.53,5.83,6.53,13.29,00:32:48,124.7,3.7
780,vexx`d,11,46.66666666666666,49,56,569.56,404.51,109.94,8.68,6.06,8.93,00:29:19,80.9,0.7
781,Day9TheFish,11,87.5,14,2,717.06,544.59,155.67,8.94,2.25,10.06,00:31:47,181.7,0.5
782,MKB_88,11,52.22222222222222,188,172,598.01,447.12,141.98,7.45,4.84,9.99,00:32:29,76.2,2.1
783,YesorNo`,11,53.7117903930131,123,106,511.97,353.9,169.24,6.34,6.41,10.97,00:33:51,104.0,1.2
784,SamgzPL,11,49.54128440366973,54,55,627.96,452.27,151.92,8.06,6.61,8.18,00:34:17,115.7,0.7
785,PSYCHoFant,11,66.66666666666667,16,8,632.98,440.46,223.09,6.5,3.75,12.29,00:27:31,56.9,1.6
786,omarninja,11,53.807106598984774,106,91,478.77,349.51,91.39,5.44,5.75,10.65,00:36:15,97.5,1.2
787,QriPretty,11,57.77777777777778,26,19,594.27,429.62,136.84,8.67,5.98,10.18,00:32:47,118.8,0.3
788,_TimeOff_,11,52.0,52,48,664.12,493.59,212.92,10.84,5.93,7.41,00:33:23,86.3,2.0
789,xNielschx,11,53.26633165829146,106,93,491.51,334.09,124.19,5.66,8.02,10.35,00:34:43,83.0,1.1
790,Mauler`Jr,11,62.03703703703704,67,41,668.2,500.16,120.78,11.31,6.25,9.76,00:33:20,118.1,1.2
791,M4niac7,11,57.14285714285714,28,21,645.32,431.49,111.02,9.51,6.1,9.73,00:34:23,86.4,0.8
792,Schlangens,11,53.91304347826087,62,53,537.64,386.08,101.32,6.9,5.37,10.18,00:33:23,80.9,1.7
793,GzBlue,11,54.73684210526316,52,43,599.14,438.62,143.57,7.47,4.6,9.96,00:34:27,79.3,1.3
794,KaffeKop1337,11,75.0,6,2,675.68,455.15,124.45,9.75,5.75,10.38,00:31:33,107.4,0.9
795,Hiram_Abiff,11,53.65853658536585,88,76,490.25,342.59,111.75,4.83,5.09,11.36,00:31:32,68.4,2.2
796,_Aboobie_,11,81.25,13,3,622.98,462.92,142.95,7.5,3.81,11.81,00:32:52,107.0,0.6
797,SillaKalle,11,54.022988505747136,47,40,503.25,356.07,100.6,5.29,6.28,11.74,00:33:40,97.5,1.4
798,MMRobot,11,61.904761904761905,52,32,482.78,330.68,119.04,4.13,4.67,9.98,00:35:02,77.1,2.7
799,Empath`rape,11,81.48148148148148,22,5,485.48,344.61,111.96,5.19,4.7,14.93,00:26:12,5.1,9.7
800,`Street,11,55.714285714285715,117,93,369.41,277.74,138.72,3.11,6.63,10.85,00:31:10,32.2,7.1
801,Gallant`b,11,63.157894736842096,12,7,708.97,554.0,130.36,8.84,3.74,6.32,00:31:04,122.5,2.9
802,OMGitsBESTBR,11,100.0,6,0,704.49,594.36,155.97,11.83,1.67,7.5,00:28:06,125.1,4.3
803,karli,11,57.3170731707317,47,35,529.1,351.36,114.3,7.02,5.71,12.32,00:32:13,87.3,0.9
804,BlackDaffy,11,60.0,159,106,655.38,493.62,133.2,10.75,6.2,8.96,00:34:19,177.1,0.3
805,Esteman`,11,61.53846153846154,24,15,549.88,384.14,119.61,7.38,6.1,12.23,00:33:07,91.0,1.3
806,Holy`NoVa,11,62.5,15,9,659.04,524.21,159.48,8.92,4.0,9.42,00:31:12,159.6,0.3
807,Marved,11,51.85185185185186,14,13,639.19,496.82,137.01,10.0,5.37,9.56,00:34:02,89.5,0.7
808,phobsy,11,58.064516129032256,18,13,553.9,397.02,133.02,7.1,5.81,11.52,00:31:38,72.6,1.6
809,janurin,11,61.111111111111114,44,28,644.64,498.98,105.52,8.68,4.68,8.32,00:31:47,116.4,0.9
810,dav787,11,57.14285714285714,28,21,403.35,280.94,124.27,3.76,5.43,11.51,00:32:29,40.3,5.5
811,MeNarak,11,80.0,8,2,738.23,514.41,211.76,11.1,4.8,10.9,00:30:50,92.0,2.2
812,BehemothBOYS,11,65.67796610169492,155,81,569.98,408.92,157.19,8.03,5.24,10.72,00:34:51,108.9,1.6
813,TabulaRasa`,11,53.71900826446282,65,56,567.81,394.27,118.05,6.87,6.11,9.64,00:33:23,97.6,0.2
814,FanOfMondi,11,69.6,87,38,701.76,584.04,145.95,8.96,2.6,7.68,00:32:56,192.7,0.3
815,Jidderism,11,66.02564102564102,103,53,642.04,478.17,203.18,7.72,4.87,11.07,00:33:21,145.6,1.4
816,mrtveen93,11,50.0,19,19,621.35,468.93,164.67,9.66,6.68,11.34,00:32:02,106.1,0.7
817,AggressiveKD,11,75.0,9,3,623.35,514.52,171.85,12.75,7.08,14.58,00:37:40,104.4,0.5
818,htmo,11,49.246231155778894,98,101,587.93,440.38,140.43,7.84,6.55,9.72,00:26:29,135.0,0.2
819,niko,11,71.42857142857143,5,2,521.98,357.56,142.13,5.14,5.0,12.86,00:31:36,59.7,2.9
820,PrinceFrieza,11,53.535353535353536,53,46,465.29,331.9,114.78,5.51,5.86,14.08,00:31:47,111.8,0.6
821,`MIDMIA`,11,55.26315789473684,21,17,619.46,519.22,137.27,6.66,4.24,6.5,00:32:36,145.5,0.4
822,Ston3DMaN,11,55.85106382978724,105,83,635.03,463.52,118.77,8.3,5.73,10.13,00:32:26,100.0,0.1
823,Mrazina,11,64.28571428571429,54,30,570.11,392.76,156.74,7.14,5.49,14.52,00:32:50,103.8,0.9
824,BoozJonas,11,50.0,32,32,560.71,396.05,129.42,6.69,6.0,10.91,00:33:51,90.7,1.6
825,J03Y_B4D455,11,66.66666666666667,4,2,606.57,451.89,102.86,9.0,5.17,9.0,00:30:15,123.9,2.4
826,t`G,11,54.16666666666666,91,77,659.98,477.38,149.39,8.52,6.46,9.11,00:32:16,84.2,2.7
827,Xeaker,11,75.0,6,2,597.78,439.26,132.72,9.38,6.0,13.13,00:31:59,140.2,1.0
828,Djdestroyer,11,57.09779179810725,181,136,504.84,359.03,84.47,6.1,5.02,11.68,00:34:15,78.2,1.7
829,MadMongoloid,11,59.25925925925926,32,22,514.32,375.43,142.58,5.67,4.76,9.54,00:34:49,73.5,1.8
830,SimplyRekt,11,53.44827586206897,62,54,559.47,398.91,79.61,8.03,7.06,12.78,00:35:48,110.1,2.6
831,Jgaja,11,52.67857142857143,59,53,576.05,384.77,148.32,6.79,6.7,10.45,00:30:28,100.8,1.1
832,Nevell,11,52.67857142857143,118,106,557.59,413.64,144.59,7.5,5.15,9.01,00:33:33,88.3,0.7
833,Luneon,11,52.84552845528455,130,116,383.43,261.77,171.06,3.3,7.36,12.61,00:33:55,27.5,8.6
834,I_HateCanada,11,63.414634146341456,78,45,586.28,396.44,151.39,7.94,5.43,13.09,00:21:57,48.0,3.3
835,Poring,11,71.42857142857143,15,6,640.72,434.84,132.0,10.05,6.0,10.95,00:35:32,68.0,2.2
836,Tr0lolololol,11,61.29032258064516,19,12,540.76,374.9,104.51,6.42,8.29,13.0,00:35:15,82.2,1.0
837,Shady_J,11,83.33333333333333,5,1,523.87,355.68,137.0,6.33,7.33,14.0,00:32:42,67.2,1.7
838,UberCrow,11,76.92307692307692,20,6,728.92,576.7,121.62,11.77,4.58,8.96,00:30:54,142.6,1.1
839,ItaliAnOwnaG,11,47.27272727272727,26,29,602.72,445.68,132.85,10.71,6.56,9.58,00:32:52,128.2,1.5
840,denn1s,11,56.25,36,28,645.28,475.05,198.29,8.03,4.86,8.02,00:33:08,110.5,0.8
841,Lex`Talionis,11,70.96774193548387,22,9,606.68,437.06,137.04,7.97,5.61,10.81,00:34:06,88.3,0.3
842,``OnlyCarry,11,60.78431372549018,31,20,630.92,488.0,70.53,7.53,4.76,10.18,00:36:49,113.0,0.1
843,Mazerfazer,11,60.60606060606061,40,26,596.54,438.15,146.29,6.82,5.36,10.73,00:31:50,87.7,1.4
844,NotDaBest,11,47.22222222222222,17,19,632.15,488.51,142.65,7.22,5.03,9.22,00:31:30,95.7,2.5
845,zoubiey,11,68.18181818181819,15,7,493.42,338.91,150.39,5.55,4.23,15.41,00:31:38,44.2,2.8
846,TjackRoffe,11,50.96153846153846,159,153,478.13,365.21,152.14,4.68,4.02,13.11,00:31:23,68.6,1.1
847,Kloak,11,66.66666666666667,8,4,725.18,471.06,199.55,12.75,5.83,11.08,00:32:48,84.8,1.1
848,AwwDicks,11,70.83333333333333,17,7,658.12,546.38,147.67,9.63,2.92,7.83,00:31:30,182.7,0.4
849,mr_bobobo,11,56.81818181818182,75,57,576.26,415.43,102.82,6.8,5.43,9.3,00:35:04,64.4,2.0
850,d`Ellonia,11,63.88888888888889,46,26,542.84,393.47,147.47,8.44,7.64,14.08,00:32:24,102.8,2.3
851,BigFallos,11,59.60264900662251,90,61,539.52,367.86,158.93,6.62,5.56,15.05,00:31:43,71.2,0.9
852,epicpancakes,11,57.97101449275362,80,58,587.89,428.39,112.71,8.21,6.86,10.58,00:33:57,86.8,0.9
